Workbook

Sheet SegmentA

Sheet SegmentB
A1: year | B1: campany | C1: type | D1: length | E1: width | F1: weightLow | G1: weightUp | H1: MeanWeight | I1: MeanWeight Segement B
A2: 1975 | B2: VW | C2: Polo I | D2: 3512 | E2: 1560 | F2: 685 | G2: 700 | H2: =AVERAGE(F2:G2) -> 692.5 | I2: =AVERAGE(H2,H55) -> 741.25
A3: 1976 | B3: VW | C3: Polo I | D3: 3512 | E3: 1560 | F3: 685 | G3: 700 | H3: =AVERAGE(F3:G3) -> 692.5 | I3: =AVERAGE(H3,H56) -> 741.25
A4: 1977 | B4: VW | C4: Polo I | D4: 3512 | E4: 1560 | F4: 685 | G4: 700 | H4: =AVERAGE(F4:G4) -> 692.5 | I4: =AVERAGE(H4,H57) -> 741.25
A5: 1978 | B5: VW | C5: Polo I | D5: 3512 | E5: 1560 | F5: 685 | G5: 700 | H5: =AVERAGE(F5:G5) -> 692.5 | I5: =AVERAGE(H5,H58) -> 741.25
A6: 1979 | B6: VW | C6: Polo I | D6: 3512 | E6: 1560 | F6: 685 | G6: 700 | H6: =AVERAGE(F6:G6) -> 692.5 | I6: =AVERAGE(H6,H59) -> 741.25
A7: 1980 | B7: VW | C7: Polo I | D7: 3512 | E7: 1560 | F7: 685 | G7: 700 | H7: =AVERAGE(F7:G7) -> 692.5 | I7: =AVERAGE(H7,H60) -> 741.25
A8: 1981 | B8: VW | C8: Polo I/II | D8: 3655 | E8: 1580 | F8: 725 | G8: 830 | H8: =AVERAGE(F8:G8) -> 777.5 | I8: =AVERAGE(H8,H61) -> 783.75
A9: 1982 | B9: VW | C9: Polo II | D9: 3655 | E9: 1580 | F9: 725 | G9: 830 | H9: =AVERAGE(F9:G9) -> 777.5 | I9: =AVERAGE(H9,H62) -> 783.75
A10: 1983 | B10: VW | C10: Polo II | D10: 3655 | E10: 1580 | F10: 725 | G10: 830 | H10: =AVERAGE(F10:G10) -> 777.5 | I10: =AVERAGE(H10,H63) -> 788.75
A11: 1984 | B11: VW | C11: Polo II | D11: 3655 | E11: 1580 | F11: 725 | G11: 830 | H11: =AVERAGE(F11:G11) -> 777.5 | I11: =AVERAGE(H11,H64) -> 788.75
A12: 1985 | B12: VW | C12: Polo II | D12: 3655 | E12: 1580 | F12: 725 | G12: 830 | H12: =AVERAGE(F12:G12) -> 777.5 | I12: =AVERAGE(H12,H65) -> 788.75
A13: 1986 | B13: VW | C13: Polo II | D13: 3655 | E13: 1580 | F13: 725 | G13: 830 | H13: =AVERAGE(F13:G13) -> 777.5 | I13: =AVERAGE(H13,H66) -> 788.75
... A35: 2008 | B35: VW | C35: Polo IV | D35: 3897 | E35: 1650 | F35: 980 | G35: 1155 | H35: =AVERAGE(F35:G35) -> 1067.5 | I35: =AVERAGE(H35,H88) -> 1185.75
A36: 2009 | B36: VW | C36: Polo IV/V | D36: 3970-3983 | E36: 1682 | F36: 1050 | G36: 1269 | H36: =AVERAGE(F36:G36) -> 1159.5 | I36: =AVERAGE(H36,H89) -> 1231.75
A37: 2010 | B37: VW | C37: Polo V | D37: 3970-3983 | E37: 1682 | F37: 1050 | G37: 1269 | H37: =AVERAGE(F37:G37) -> 1159.5 | I37: =AVERAGE(H37,H90) -> 1231.75
A38: 2011 | B38: VW | C38: Polo V | D38: 3970-3983 | E38: 1682 | F38: 1050 | G38: 1269 | H38: =AVERAGE(F38:G38) -> 1159.5 | I38: =AVERAGE(H38,H91) -> 1231.75
A39: 2012 | B39: VW | C39: Polo V | D39: 3970-3983 | E39: 1682 | F39: 1050 | G39: 1269 | H39: =AVERAGE(F39:G39) -> 1159.5 | I39: =AVERAGE(H39,H92) -> 1178
A40: 2013 | B40: VW | C40: Polo V | D40: 3970-3983 | E40: 1682 | F40: 1050 | G40: 1269 | H40: =AVERAGE(F40:G40) -> 1159.5 | I40: =AVERAGE(H40,H93) -> 1178
A41: 2014 | B41: VW | C41: Polo V | D41: 3970-3983 | E41: 1682 | F41: 1050 | G41: 1269 | H41: =AVERAGE(F41:G41) -> 1159.5 | I41: =AVERAGE(H41,H94) -> 1178
A42: 2015 | B42: VW | C42: Polo V | D42: 3970-3983 | E42: 1682 | F42: 1050 | G42: 1269 | H42: =AVERAGE(F42:G42) -> 1159.5 | I42: =AVERAGE(H42,H95) -> 1178
A43: 2016 | B43: VW | C43: Polo V | D43: 3970-3983 | E43: 1682 | F43: 1050 | G43: 1269 | H43: =AVERAGE(F43:G43) -> 1159.5 | I43: =AVERAGE(H43,H96) -> 1178
A44: 2017 | B44: VW | C44: Polo V/VI | D44: 4053 | E44: 1461 | F44: 1105 | G44: 1355 | H44: =AVERAGE(F44:G44) -> 1230 | I44: =AVERAGE(H44,H97) -> 1213.25
A45: 2018 | B45: VW | C45: Polo VI | D45: 4053 | E45: 1461 | F45: 1105 | G45: 1355 | H45: =AVERAGE(F45:G45) -> 1230 | I45: =AVERAGE(H45,H98) -> 1213.25
A46: 2019 | B46: VW | C46: Polo VI | D46: 4053 | E46: 1461 | F46: 1105 | G46: 1355 | H46: =AVERAGE(F46:G46) -> 1230 | I46: =AVERAGE(H46,H99) -> 1275
A47: 2020 | B47: VW | C47: Polo VI | D47: 4053 | E47: 1461 | F47: 1105 | G47: 1355 | H47: =AVERAGE(F47:G47) -> 1230 | I47: =AVERAGE(H47,H100) -> 1275
A48: 2021 | B48: VW | C48: Polo VI | D48: 4053 | E48: 1461 | F48: 1105 | G48: 1355 | H48: =AVERAGE(F48:G48) -> 1230 | I48: =AVERAGE(H48,H101) -> 1275
A49: 2022 | B49: VW | C49: Polo VI | D49: 4053 | E49: 1461 | F49: 1105 | G49: 1355 | H49: =AVERAGE(F49:G49) -> 1230 | I49: =AVERAGE(H49,H102) -> 1275
A50: 2023 | B50: VW | C50: Polo VI | D50: 4053 | E50: 1461 | F50: 1105 | G50: 1355 | H50: =AVERAGE(F50:G50) -> 1230 | I50: =AVERAGE(H50,H103) -> 1275
A51: 2024 | B51: VW | C51: Polo VI | D51: 4053 | E51: 1461 | F51: 1105 | G51: 1355 | H51: =AVERAGE(F51:G51) -> 1230 | I51: =AVERAGE(H51,H104) -> 1275
A52: 1972 | B52: Peugeot | C52: 104 | D52: 3283-3600 | E52: 1520 | F52: 760 | G52: 820 | H52: =AVERAGE(F52:G52) -> 790
A53: 1973 | B53: Peugeot | C53: 104 | D53: 3283-3600 | E53: 1520 | F53: 760 | G53: 820 | H53: =AVERAGE(F53:G53) -> 790
A54: 1974 | B54: Peugeot | C54: 104 | D54: 3283-3600 | E54: 1520 | F54: 760 | G54: 820 | H54: =AVERAGE(F54:G54) -> 790
A55: 1975 | B55: Peugeot | C55: 104 | D55: 3283-3600 | E55: 1520 | F55: 760 | G55: 820 | H55: =AVERAGE(F55:G55) -> 790
A56: 1976 | B56: Peugeot | C56: 104 | D56: 3283-3600 | E56: 1520 | F56: 760 | G56: 820 | H56: =AVERAGE(F56:G56) -> 790
A57: 1977 | B57: Peugeot | C57: 104 | D57: 3283-3600 | E57: 1520 | F57: 760 | G57: 820 | H57: =AVERAGE(F57:G57) -> 790
A58: 1978 | B58: Peugeot | C58: 104 | D58: 3283-3600 | E58: 1520 | F58: 760 | G58: 820 | H58: =AVERAGE(F58:G58) -> 790
A59: 1979 | B59: Peugeot | C59: 104 | D59: 3283-3600 | E59: 1520 | F59: 760 | G59: 820 | H59: =AVERAGE(F59:G59) -> 790
A60: 1980 | B60: Peugeot | C60: 104 | D60: 3283-3600 | E60: 1520 | F60: 760 | G60: 820 | H60: =AVERAGE(F60:G60) -> 790
A61: 1981 | B61: Peugeot | C61: 104 | D61: 3283-3600 | E61: 1520 | F61: 760 | G61: 820 | H61: =AVERAGE(F61:G61) -> 790
A62: 1982 | B62: Peugeot | C62: 104 | D62: 3283-3600 | E62: 1520 | F62: 760 | G62: 820 | H62: =AVERAGE(F62:G62) -> 790
A63: 1983 | B63: Peugeot | C63: 104/205 | D63: 3705 | E63: 1572 | F63: 720 | G63: 880 | H63: =AVERAGE(F63:G63) -> 800
A64: 1984 | B64: Peugeot | C64: 104/205 | D64: 3705 | E64: 1572 | F64: 720 | G64: 880 | H64: =AVERAGE(F64:G64) -> 800
A65: 1985 | B65: Peugeot | C65: 104/205 | D65: 3705 | E65: 1572 | F65: 720 | G65: 880 | H65: =AVERAGE(F65:G65) -> 800
A66: 1986 | B66: Peugeot | C66: 104/205 | D66: 3705 | E66: 1572 | F66: 720 | G66: 880 | H66: =AVERAGE(F66:G66) -> 800
A67: 1987 | B67: Peugeot | C67: 104/205 | D67: 3705 | E67: 1572 | F67: 720 | G67: 880 | H67: =AVERAGE(F67:G67) -> 800
A68: 1988 | B68: Peugeot | C68: 104/205 | D68: 3705 | E68: 1572 | F68: 720 | G68: 880 | H68: =AVERAGE(F68:G68) -> 800
A69: 1989 | B69: Peugeot | C69: 205 | D69: 3705 | E69: 1572 | F69: 720 | G69: 880 | H69: =AVERAGE(F69:G69) -> 800
A70: 1990 | B70: Peugeot | C70: 205 | D70: 3705 | E70: 1572 | F70: 720 | G70: 880 | H70: =AVERAGE(F70:G70) -> 800
A71: 1991 | B71: Peugeot | C71: 205 | D71: 3705 | E71: 1572 | F71: 720 | G71: 880 | H71: =AVERAGE(F71:G71) -> 800
A72: 1992 | B72: Peugeot | C72: 205 | D72: 3705 | E72: 1572 | F72: 720 | G72: 880 | H72: =AVERAGE(F72:G72) -> 800
A73: 1993 | B73: Peugeot | C73: 205 | D73: 3705 | E73: 1572 | F73: 720 | G73: 880 | H73: =AVERAGE(F73:G73) -> 800
A74: 1994 | B74: Peugeot | C74: 205 | D74: 3705 | E74: 1572 | F74: 720 | G74: 880 | H74: =AVERAGE(F74:G74) -> 800
A75: 1995 | B75: Peugeot | C75: 205 | D75: 3705 | E75: 1572 | F75: 720 | G75: 880 | H75: =AVERAGE(F75:G75) -> 800
A76: 1996 | B76: Peugeot | C76: 205 | D76: 3705 | E76: 1572 | F76: 720 | G76: 880 | H76: =AVERAGE(F76:G76) -> 800
A77: 1997 | B77: Peugeot | C77: 205 | D77: 3705 | E77: 1572 | F77: 720 | G77: 880 | H77: =AVERAGE(F77:G77) -> 800
A78: 1998 | B78: Peugeot | C78: 205/206 | D78: 3822-4188 | E78: 1652-1673 | F78: 985 | G78: 1285 | H78: =AVERAGE(F78:G78) -> 1135
A79: 1999 | B79: Peugeot | C79: 206 | D79: 3822-4188 | E79: 1652-1673 | F79: 985 | G79: 1285 | H79: =AVERAGE(F79:G79) -> 1135
A80: 2000 | B80: Peugeot | C80: 206 | D80: 3822-4188 | E80: 1652-1673 | F80: 985 | G80: 1285 | H80: =AVERAGE(F80:G80) -> 1135
A81: 2001 | B81: Peugeot | C81: 206 | D81: 3822-4188 | E81: 1652-1673 | F81: 985 | G81: 1285 | H81: =AVERAGE(F81:G81) -> 1135
A82: 2002 | B82: Peugeot | C82: 206 | D82: 3822-4188 | E82: 1652-1673 | F82: 985 | G82: 1285 | H82: =AVERAGE(F82:G82) -> 1135
A83: 2003 | B83: Peugeot | C83: 206 | D83: 3822-4188 | E83: 1652-1673 | F83: 985 | G83: 1285 | H83: =AVERAGE(F83:G83) -> 1135
A84: 2004 | B84: Peugeot | C84: 206 | D84: 3822-4188 | E84: 1652-1673 | F84: 985 | G84: 1285 | H84: =AVERAGE(F84:G84) -> 1135
A85: 2005 | B85: Peugeot | C85: 206 | D85: 3822-4188 | E85: 1652-1673 | F85: 985 | G85: 1285 | H85: =AVERAGE(F85:G85) -> 1135
A86: 2006 | B86: Peugeot | C86: 206/207 | D86: 4030-4156 | E86: 1748 | F86: 1213 | G86: 1395 | H86: =AVERAGE(F86:G86) -> 1304
A87: 2007 | B87: Peugeot | C87: 207 | D87: 4030-4156 | E87: 1748 | F87: 1213 | G87: 1395 | H87: =AVERAGE(F87:G87) -> 1304
A88: 2008 | B88: Peugeot | C88: 207 | D88: 4030-4156 | E88: 1748 | F88: 1213 | G88: 1395 | H88: =AVERAGE(F88:G88) -> 1304
A89: 2009 | B89: Peugeot | C89: 207 | D89: 4030-4156 | E89: 1748 | F89: 1213 | G89: 1395 | H89: =AVERAGE(F89:G89) -> 1304
A90: 2010 | B90: Peugeot | C90: 207 | D90: 4030-4156 | E90: 1748 | F90: 1213 | G90: 1395 | H90: =AVERAGE(F90:G90) -> 1304
A91: 2011 | B91: Peugeot | C91: 207 | D91: 4030-4156 | E91: 1748 | F91: 1213 | G91: 1395 | H91: =AVERAGE(F91:G91) -> 1304
A92: 2012 | B92: Peugeot | C92: 207/208 | D92: 3962-3973 | E92: 1739 | F92: 1110 | G92: 1283 | H92: =AVERAGE(F92:G92) -> 1196.5
A93: 2013 | B93: Peugeot | C93: 207/208 | D93: 3962-3973 | E93: 1739 | F93: 1110 | G93: 1283 | H93: =AVERAGE(F93:G93) -> 1196.5
A94: 2014 | B94: Peugeot | C94: 207/208 | D94: 3962-3973 | E94: 1739 | F94: 1110 | G94: 1283 | H94: =AVERAGE(F94:G94) -> 1196.5
A95: 2015 | B95: Peugeot | C95: 207/208 | D95: 3962-3973 | E95: 1739 | F95: 1110 | G95: 1283 | H95: =AVERAGE(F95:G95) -> 1196.5
A96: 2016 | B96: Peugeot | C96: 208 | D96: 3962-3973 | E96: 1739 | F96: 1110 | G96: 1283 | H96: =AVERAGE(F96:G96) -> 1196.5
A97: 2017 | B97: Peugeot | C97: 208 | D97: 3962-3973 | E97: 1739 | F97: 1110 | G97: 1283 | H97: =AVERAGE(F97:G97) -> 1196.5
A98: 2018 | B98: Peugeot | C98: 208 | D98: 3962-3973 | E98: 1739 | F98: 1110 | G98: 1283 | H98: =AVERAGE(F98:G98) -> 1196.5
A99: 2019 | B99: Peugeot | C99: 208/208 II | D99: 4055 | E99: 1745 | F99: 1055 | G99: 1585 | H99: =AVERAGE(F99:G99) -> 1320
A100: 2020 | B100: Peugeot | C100: 208 II | D100: 4055 | E100: 1745 | F100: 1055 | G100: 1585 | H100: =AVERAGE(F100:G100) -> 1320
A101: 2021 | B101: Peugeot | C101: 208 II | D101: 4055 | E101: 1745 | F101: 1055 | G101: 1585 | H101: =AVERAGE(F101:G101) -> 1320
A102: 2022 | B102: Peugeot | C102: 208 II | D102: 4055 | E102: 1745 | F102: 1055 | G102: 1585 | H102: =AVERAGE(F102:G102) -> 1320
A103: 2023 | B103: Peugeot | C103: 208 II | D103: 4055 | E103: 1745 | F103: 1055 | G103: 1585 | H103: =AVERAGE(F103:G103) -> 1320
A104: 2024 | B104: Peugeot | C104: 208 II | D104: 4055 | E104: 1745 | F104: 1055 | G104: 1585 | H104: =AVERAGE(F104:G104) -> 1320

Sheet Segment C
A1: year | B1: campany | C1: type | D1: length | E1: width | F1: weightLow | G1: weightUp
A2: 1974 | B2: VW | C2: Golf I | D2: 3705 | E2: 1610 | F2: 750 | G2: 805 | H2: =AVERAGE(F2:G2) -> 777.5
A3: 1975 | B3: VW | C3: Golf I | D3: 3705 | E3: 1610 | F3: 750 | G3: 805 | H3: =AVERAGE(F3:G3) -> 777.5 | I3: =AVERAGE(H3,H53,H104) -> 868.33333
A4: 1976 | B4: VW | C4: Golf I | D4: 3705 | E4: 1610 | F4: 750 | G4: 805 | H4: =AVERAGE(F4:G4) -> 777.5 | I4: =AVERAGE(H4,H54,H105) -> 868.33333
A5: 1977 | B5: VW | C5: Golf I | D5: 3705 | E5: 1610 | F5: 750 | G5: 805 | H5: =AVERAGE(F5:G5) -> 777.5 | I5: =AVERAGE(H5,H55,H106) -> 868.33333
A6: 1978 | B6: VW | C6: Golf I | D6: 3705 | E6: 1610 | F6: 750 | G6: 805 | H6: =AVERAGE(F6:G6) -> 777.5 | I6: =AVERAGE(H6,H56,H107) -> 868.33333
A7: 1979 | B7: VW | C7: Golf I | D7: 3705 | E7: 1610 | F7: 750 | G7: 805 | H7: =AVERAGE(F7:G7) -> 777.5 | I7: =AVERAGE(H7,H57,H108) -> 868.33333
A8: 1980 | B8: VW | C8: Golf I | D8: 3705 | E8: 1610 | F8: 750 | G8: 805 | H8: =AVERAGE(F8:G8) -> 777.5 | I8: =AVERAGE(H8,H58,H109) -> 872.5
A9: 1981 | B9: VW | C9: Golf I | D9: 3705 | E9: 1610 | F9: 750 | G9: 805 | H9: =AVERAGE(F9:G9) -> 777.5 | I9: =AVERAGE(H9,H59,H110) -> 872.5
A10: 1982 | B10: VW | C10: Golf I | D10: 3705 | E10: 1610 | F10: 750 | G10: 805 | H10: =AVERAGE(F10:G10) -> 777.5 | I10: =AVERAGE(H10,H60,H111) -> 872.5
A11: 1983 | B11: VW | C11: Golf I/II | D11: 3985-4040 | E11: 1665-1680 | F11: 845 | G11: 1165 | H11: =AVERAGE(F11:G11) -> 1005 | I11: =AVERAGE(H11,H61,H112) -> 950.83333
A12: 1984 | B12: VW | C12: Golf II | D12: 3985-4040 | E12: 1665-1680 | F12: 845 | G12: 1165 | H12: =AVERAGE(F12:G12) -> 1005 | I12: =AVERAGE(H12,H62,H113) -> 950.83333
A13: 1985 | B13: VW | C13: Golf II | D13: 3985-4040 | E13: 1665-1680 | F13: 845 | G13: 1165 | H13: =AVERAGE(F13:G13) -> 1005 | I13: =AVERAGE(H13,H63,H114) -> 935.83333
A14: 1986 | B14: VW | C14: Golf II | D14: 3985-4040 | E14: 1665-1680 | F14: 845 | G14: 1165 | H14: =AVERAGE(F14:G14) -> 1005 | I14: =AVERAGE(H14,H64,H115) -> 935.83333
A15: 1987 | B15: VW | C15: Golf II | D15: 3985-4040 | E15: 1665-1680 | F15: 845 | G15: 1165 | H15: =AVERAGE(F15:G15) -> 1005 | I15: =AVERAGE(H15,H65,H116) -> 935.83333
A16: 1988 | B16: VW | C16: Golf II | D16: 3985-4040 | E16: 1665-1680 | F16: 845 | G16: 1165 | H16: =AVERAGE(F16:G16) -> 1005 | I16: =AVERAGE(H16,H66,H117) -> 985.83333
A17: 1989 | B17: VW | C17: Golf II | D17: 3985-4040 | E17: 1665-1680 | F17: 845 | G17: 1165 | H17: =AVERAGE(F17:G17) -> 1005 | I17: =AVERAGE(H17,H67,H118) -> 985.83333
A18: 1990 | B18: VW | C18: Golf II | D18: 3985-4040 | E18: 1665-1680 | F18: 845 | G18: 1165 | H18: =AVERAGE(F18:G18) -> 1005 | I18: =AVERAGE(H18,H68,H119) -> 985.83333
A19: 1991 | B19: VW | C19: Golf II/III | D19: 4020 | E19: 1695-1710 | F19: 960 | G19: 1380 | H19: =AVERAGE(F19:G19) -> 1170 | I19: =AVERAGE(H19,H69,H120) -> 1040.8333
A20: 1992 | B20: VW | C20: Golf II/III | D20: 4020 | E20: 1695-1710 | F20: 960 | G20: 1380 | H20: =AVERAGE(F20:G20) -> 1170 | I20: =AVERAGE(H20,H70,H121) -> 1040.8333
A21: 1993 | B21: VW | C21: Golf III | D21: 4020 | E21: 1695-1710 | F21: 960 | G21: 1380 | H21: =AVERAGE(F21:G21) -> 1170 | I21: =AVERAGE(H21,H71,H122) -> 1130.8333
A22: 1994 | B22: VW | C22: Golf III | D22: 4020 | E22: 1695-1710 | F22: 960 | G22: 1380 | H22: =AVERAGE(F22:G22) -> 1170 | I22: =AVERAGE(H22,H72,H123) -> 1130.8333
A23: 1995 | B23: VW | C23: Golf III | D23: 4020 | E23: 1695-1710 | F23: 960 | G23: 1380 | H23: =AVERAGE(F23:G23) -> 1170 | I23: =AVERAGE(H23,H73,H124) -> 1160
A24: 1996 | B24: VW | C24: Golf III | D24: 4020 | E24: 1695-1710 | F24: 960 | G24: 1380 | H24: =AVERAGE(F24:G24) -> 1170 | I24: =AVERAGE(H24,H74,H125) -> 1160
A25: 1997 | B25: VW | C25: Golf III/IV | D25: 4149-4397 | E25: 1735 | F25: 1050 | G25: 1477 | H25: =AVERAGE(F25:G25) -> 1263.5 | I25: =AVERAGE(H25,H75,H126) -> 1191.1667
A26: 1998 | B26: VW | C26: Golf IV | D26: 4149-4397 | E26: 1735 | F26: 1050 | G26: 1477 | H26: =AVERAGE(F26:G26) -> 1263.5 | I26: =AVERAGE(H26,H76,H127) -> 1191.1667
A27: 1999 | B27: VW | C27: Golf IV | D27: 4149-4397 | E27: 1735 | F27: 1050 | G27: 1477 | H27: =AVERAGE(F27:G27) -> 1263.5 | I27: =AVERAGE(H27,H77,H128) -> 1180.3333
A28: 2000 | B28: VW | C28: Golf IV | D28: 4149-4397 | E28: 1735 | F28: 1050 | G28: 1477 | H28: =AVERAGE(F28:G28) -> 1263.5 | I28: =AVERAGE(H28,H78,H129) -> 1180.3333
A29: 2001 | B29: VW | C29: Golf IV | D29: 4149-4397 | E29: 1735 | F29: 1050 | G29: 1477 | H29: =AVERAGE(F29:G29) -> 1263.5 | I29: =AVERAGE(H29,H79,H130) -> 1304.8333
A30: 2002 | B30: VW | C30: Golf IV | D30: 4149-4397 | E30: 1735 | F30: 1050 | G30: 1477 | H30: =AVERAGE(F30:G30) -> 1263.5 | I30: =AVERAGE(H30,H80,H131) -> 1304.8333
A31: 2003 | B31: VW | C31: Golf IV/V | D31: 4204-4206 | E31: 1759 | F31: 1155 | G31: 1590 | H31: =AVERAGE(F31:G31) -> 1372.5 | I31: =AVERAGE(H31,H81,H132) -> 1341.1667
A32: 2004 | B32: VW | C32: Golf V | D32: 4204-4206 | E32: 1759 | F32: 1155 | G32: 1590 | H32: =AVERAGE(F32:G32) -> 1372.5 | I32: =AVERAGE(H32,H82,H133) -> 1341.1667
A33: 2005 | B33: VW | C33: Golf V | D33: 4204-4206 | E33: 1759 | F33: 1155 | G33: 1590 | H33: =AVERAGE(F33:G33) -> 1372.5 | I33: =AVERAGE(H33,H83,H134) -> 1341.1667
A34: 2006 | B34: VW | C34: Golf V | D34: 4204-4206 | E34: 1759 | F34: 1155 | G34: 1590 | H34: =AVERAGE(F34:G34) -> 1372.5 | I34: =AVERAGE(H34,H84,H135) -> 1341.1667
A35: 2007 | B35: VW | C35: Golf V | D35: 4204-4206 | E35: 1759 | F35: 1155 | G35: 1590 | H35: =AVERAGE(F35:G35) -> 1372.5 | I35: =AVERAGE(H35,H85,H136) -> 1392.8333
A36: 2008 | B36: VW | C36: Golf V/VI | D36: 4199-4534 | E36: 1779-1786 | F36: 1271 | G36: 1541 | H36: =AVERAGE(F36:G36) -> 1406 | I36: =AVERAGE(H36,H86,H137) -> 1404
A37: 2009 | B37: VW | C37: Golf VI | D37: 4199-4534 | E37: 1779-1786 | F37: 1271 | G37: 1541 | H37: =AVERAGE(F37:G37) -> 1406 | I37: =AVERAGE(H37,H87,H138) -> 1404
A38: 2010 | B38: VW | C38: Golf VI | D38: 4199-4534 | E38: 1779-1786 | F38: 1271 | G38: 1541 | H38: =AVERAGE(F38:G38) -> 1406 | I38: =AVERAGE(H38,H88,H139) -> 1404
A39: 2011 | B39: VW | C39: Golf VI | D39: 4199-4534 | E39: 1779-1786 | F39: 1271 | G39: 1541 | H39: =AVERAGE(F39:G39) -> 1406 | I39: =AVERAGE(H39,H89,H140) -> 1404
A40: 2012 | B40: VW | C40: Golf VI/VII | D40: 4255-4586 | E40: 1779-1786 | F40: 1205 | G40: 1615 | H40: =AVERAGE(F40:G40) -> 1410 | I40: =AVERAGE(H40,H90,H141) -> 1405.3333
A41: 2013 | B41: VW | C41: Golf VII | D41: 4255-4586 | E41: 1799 | F41: 1205 | G41: 1615 | H41: =AVERAGE(F41:G41) -> 1410 | I41: =AVERAGE(H41,H91,H142) -> 1370.8333
A42: 2014 | B42: VW | C42: Golf VII | D42: 4255-4586 | E42: 1799 | F42: 1205 | G42: 1615 | H42: =AVERAGE(F42:G42) -> 1410 | I42: =AVERAGE(H42,H92,H143) -> 1370.8333
A43: 2015 | B43: VW | C43: Golf VII | D43: 4255-4586 | E43: 1799 | F43: 1205 | G43: 1615 | H43: =AVERAGE(F43:G43) -> 1410 | I43: =AVERAGE(H43,H93,H144) -> 1370.8333
A44: 2016 | B44: VW | C44: Golf VII | D44: 4255-4586 | E44: 1799 | F44: 1205 | G44: 1615 | H44: =AVERAGE(F44:G44) -> 1410 | I44: =AVERAGE(H44,H94,H145) -> 1370.8333
A45: 2017 | B45: VW | C45: Golf VII | D45: 4255-4586 | E45: 1799 | F45: 1205 | G45: 1615 | H45: =AVERAGE(F45:G45) -> 1410 | I45: =AVERAGE(H45,H95,H146) -> 1370.8333
A46: 2018 | B46: VW | C46: Golf VII | D46: 4255-4586 | E46: 1799 | F46: 1205 | G46: 1615 | H46: =AVERAGE(F46:G46) -> 1410 | I46: =AVERAGE(H46,H96,H147) -> 1421.6667
A47: 2019 | B47: VW | C47: Golf VII/VIII | D47: 4284-4644 | E47: 1789 | F47: 1255 | G47: 1630 | H47: =AVERAGE(F47:G47) -> 1442.5 | I47: =AVERAGE(H47,H97,H148) -> 1432.5
A48: 2020 | B48: VW | C48: Golf VII/VIII | D48: 4284-4644 | E48: 1789 | F48: 1255 | G48: 1630 | H48: =AVERAGE(F48:G48) -> 1442.5 | I48: =AVERAGE(H48,H98,H149) -> 1432.5
A49: 2021 | B49: VW | C49: Golf VII/VIII | D49: 4284-4644 | E49: 1789 | F49: 1255 | G49: 1630 | H49: =AVERAGE(F49:G49) -> 1442.5 | I49: =AVERAGE(H49,H99,H150) -> 1475.8333
A50: 2022 | B50: VW | C50: Golf VIII | D50: 4284-4644 | E50: 1789 | F50: 1255 | G50: 1630 | H50: =AVERAGE(F50:G50) -> 1442.5 | I50: =AVERAGE(H50,H100,H151) -> 1475.8333
A51: 2023 | B51: VW | C51: Golf VIII | D51: 4284-4644 | E51: 1789 | F51: 1255 | G51: 1630 | H51: =AVERAGE(F51:G51) -> 1442.5 | I51: =AVERAGE(H51,H101,H152) -> 1475.8333
A52: 2024 | B52: VW | C52: Golf VIII | D52: 4284-4644 | E52: 1789 | F52: 1255 | G52: 1630 | H52: =AVERAGE(F52:G52) -> 1442.5 | I52: =AVERAGE(H52,H102,H153) -> 1475.8333
A53: 1975 | B53: Peugeot | C53: 305 | D53: 4240-4260 | E53: 1630-1640 | F53: 915 | G53: 1000 | H53: =AVERAGE(F53:G53) -> 957.5
A54: 1976 | B54: Peugeot | C54: 305 | D54: 4240-4260 | E54: 1630-1640 | F54: 915 | G54: 1000 | H54: =AVERAGE(F54:G54) -> 957.5
A55: 1977 | B55: Peugeot | C55: 305 | D55: 4240-4260 | E55: 1630-1640 | F55: 915 | G55: 1000 | H55: =AVERAGE(F55:G55) -> 957.5
A56: 1978 | B56: Peugeot | C56: 305 | D56: 4240-4260 | E56: 1630-1640 | F56: 915 | G56: 1000 | H56: =AVERAGE(F56:G56) -> 957.5
A57: 1979 | B57: Peugeot | C57: 305 | D57: 4240-4260 | E57: 1630-1640 | F57: 915 | G57: 1000 | H57: =AVERAGE(F57:G57) -> 957.5
A58: 1980 | B58: Peugeot | C58: 305 | D58: 4240-4260 | E58: 1630-1640 | F58: 915 | G58: 1000 | H58: =AVERAGE(F58:G58) -> 957.5
A59: 1981 | B59: Peugeot | C59: 305 | D59: 4240-4260 | E59: 1630-1640 | F59: 915 | G59: 1000 | H59: =AVERAGE(F59:G59) -> 957.5
A60: 1982 | B60: Peugeot | C60: 305 | D60: 4240-4260 | E60: 1630-1640 | F60: 915 | G60: 1000 | H60: =AVERAGE(F60:G60) -> 957.5
A61: 1983 | B61: Peugeot | C61: 305 | D61: 4240-4260 | E61: 1630-1640 | F61: 915 | G61: 1000 | H61: =AVERAGE(F61:G61) -> 957.5
A62: 1984 | B62: Peugeot | C62: 305 | D62: 4240-4260 | E62: 1630-1640 | F62: 915 | G62: 1000 | H62: =AVERAGE(F62:G62) -> 957.5
A63: 1985 | B63: Peugeot | C63: 305/309 | D63: 4050 | E63: 1630 | F63: 835 | G63: 990 | H63: =AVERAGE(F63:G63) -> 912.5
A64: 1986 | B64: Peugeot | C64: 305/309 | D64: 4050 | E64: 1630 | F64: 835 | G64: 990 | H64: =AVERAGE(F64:G64) -> 912.5
A65: 1987 | B65: Peugeot | C65: 305/309 | D65: 4050 | E65: 1630 | F65: 835 | G65: 990 | H65: =AVERAGE(F65:G65) -> 912.5
A66: 1988 | B66: Peugeot | C66: 305/309 | D66: 4050 | E66: 1630 | F66: 835 | G66: 990 | H66: =AVERAGE(F66:G66) -> 912.5
A67: 1989 | B67: Peugeot | C67: 309 | D67: 4050 | E67: 1630 | F67: 835 | G67: 990 | H67: =AVERAGE(F67:G67) -> 912.5
A68: 1990 | B68: Peugeot | C68: 309 | D68: 4050 | E68: 1630 | F68: 835 | G68: 990 | H68: =AVERAGE(F68:G68) -> 912.5
A69: 1991 | B69: Peugeot | C69: 309 | D69: 4050 | E69: 1630 | F69: 835 | G69: 990 | H69: =AVERAGE(F69:G69) -> 912.5
A70: 1992 | B70: Peugeot | C70: 309 | D70: 4050 | E70: 1630 | F70: 835 | G70: 990 | H70: =AVERAGE(F70:G70) -> 912.5
A71: 1993 | B71: Peugeot | C71: 309/306 | D71: 3995-4232 | E71: 1680-1683 | F71: 1020 | G71: 1345 | H71: =AVERAGE(F71:G71) -> 1182.5
A72: 1994 | B72: Peugeot | C72: 306 | D72: 3995-4232 | E72: 1680-1683 | F72: 1020 | G72: 1345 | H72: =AVERAGE(F72:G72) -> 1182.5
A73: 1995 | B73: Peugeot | C73: 306 | D73: 3995-4232 | E73: 1680-1683 | F73: 1020 | G73: 1345 | H73: =AVERAGE(F73:G73) -> 1182.5
A74: 1996 | B74: Peugeot | C74: 306 | D74: 3995-4232 | E74: 1680-1683 | F74: 1020 | G74: 1345 | H74: =AVERAGE(F74:G74) -> 1182.5
A75: 1997 | B75: Peugeot | C75: 306 | D75: 3995-4232 | E75: 1680-1683 | F75: 1020 | G75: 1345 | H75: =AVERAGE(F75:G75) -> 1182.5
A76: 1998 | B76: Peugeot | C76: 306 | D76: 3995-4232 | E76: 1680-1683 | F76: 1020 | G76: 1345 | H76: =AVERAGE(F76:G76) -> 1182.5
A77: 1999 | B77: Peugeot | C77: 306 | D77: 3995-4232 | E77: 1680-1683 | F77: 1020 | G77: 1345 | H77: =AVERAGE(F77:G77) -> 1182.5
A78: 2000 | B78: Peugeot | C78: 306 | D78: 3995-4232 | E78: 1680-1683 | F78: 1020 | G78: 1345 | H78: =AVERAGE(F78:G78) -> 1182.5
A79: 2001 | B79: Peugeot | C79: 306/307 | D79: 4202-4432 | E79: 1730-1759 | F79: 1217 | G79: 1685 | H79: =AVERAGE(F79:G79) -> 1451
A80: 2002 | B80: Peugeot | C80: 306/307 | D80: 4202-4432 | E80: 1730-1759 | F80: 1217 | G80: 1685 | H80: =AVERAGE(F80:G80) -> 1451
A81: 2003 | B81: Peugeot | C81: 307 | D81: 4202-4432 | E81: 1730-1759 | F81: 1217 | G81: 1685 | H81: =AVERAGE(F81:G81) -> 1451
A82: 2004 | B82: Peugeot | C82: 307 | D82: 4202-4432 | E82: 1730-1759 | F82: 1217 | G82: 1685 | H82: =AVERAGE(F82:G82) -> 1451
A83: 2005 | B83: Peugeot | C83: 307 | D83: 4202-4432 | E83: 1730-1759 | F83: 1217 | G83: 1685 | H83: =AVERAGE(F83:G83) -> 1451
A84: 2006 | B84: Peugeot | C84: 307 | D84: 4202-4432 | E84: 1730-1759 | F84: 1217 | G84: 1685 | H84: =AVERAGE(F84:G84) -> 1451
A85: 2007 | B85: Peugeot | C85: 307/308 | D85: 4276-4440 | E85: 1815-1817 | F85: 1277 | G85: 1555 | H85: =AVERAGE(F85:G85) -> 1416
A86: 2008 | B86: Peugeot | C86: 307/308 | D86: 4276-4440 | E86: 1815-1817 | F86: 1277 | G86: 1555 | H86: =AVERAGE(F86:G86) -> 1416
A87: 2009 | B87: Peugeot | C87: 307/308 | D87: 4276-4440 | E87: 1815-1817 | F87: 1277 | G87: 1555 | H87: =AVERAGE(F87:G87) -> 1416
A88: 2010 | B88: Peugeot | C88: 308 | D88: 4276-4440 | E88: 1815-1817 | F88: 1277 | G88: 1555 | H88: =AVERAGE(F88:G88) -> 1416
A89: 2011 | B89: Peugeot | C89: 308 | D89: 4276-4440 | E89: 1815-1817 | F89: 1277 | G89: 1555 | H89: =AVERAGE(F89:G89) -> 1416
A90: 2012 | B90: Peugeot | C90: 308 | D90: 4276-4440 | E90: 1815-1817 | F90: 1277 | G90: 1555 | H90: =AVERAGE(F90:G90) -> 1416
A91: 2013 | B91: Peugeot | C91: 308/308 II | D91: 4253-4590 | E91: 1820 | F91: 1280 | G91: 1580 | H91: =AVERAGE(F91:G91) -> 1430
A92: 2014 | B92: Peugeot | C92: 308/308 II | D92: 4253-4590 | E92: 1820 | F92: 1280 | G92: 1580 | H92: =AVERAGE(F92:G92) -> 1430
A93: 2015 | B93: Peugeot | C93: 308/308 II | D93: 4253-4590 | E93: 1820 | F93: 1280 | G93: 1580 | H93: =AVERAGE(F93:G93) -> 1430
A94: 2016 | B94: Peugeot | C94: 308 II | D94: 4253-4590 | E94: 1820 | F94: 1280 | G94: 1580 | H94: =AVERAGE(F94:G94) -> 1430
A95: 2017 | B95: Peugeot | C95: 308 II | D95: 4253-4590 | E95: 1820 | F95: 1280 | G95: 1580 | H95: =AVERAGE(F95:G95) -> 1430
A96: 2018 | B96: Peugeot | C96: 308 II | D96: 4253-4590 | E96: 1820 | F96: 1280 | G96: 1580 | H96: =AVERAGE(F96:G96) -> 1430
A97: 2019 | B97: Peugeot | C97: 308 II | D97: 4253-4590 | E97: 1820 | F97: 1280 | G97: 1580 | H97: =AVERAGE(F97:G97) -> 1430
A98: 2020 | B98: Peugeot | C98: 308 II | D98: 4253-4590 | E98: 1820 | F98: 1280 | G98: 1580 | H98: =AVERAGE(F98:G98) -> 1430
A99: 2021 | B99: Peugeot | C99: 308 II/III | D99: 4367-4636 | E99: 1852 | F99: 1329 | G99: 1791 | H99: =AVERAGE(F99:G99) -> 1560
A100: 2022 | B100: Peugeot | C100: 308 III | D100: 4367-4636 | E100: 1852 | F100: 1329 | G100: 1791 | H100: =AVERAGE(F100:G100) -> 1560
...

Sheet SegmentD
A1: year | B1: campany | C1: type | D1: length | E1: width | F1: weightLow | G1: weightUp | H1: Mein Weight | I1: Mein Weight Segment D
A2: 1973 | B2: VW | C2: Passat B1 | D2: 4200 | E2: 1620 | F2: 880 | G2: 995 | H2: =AVERAGE(F2:G2) -> 937.5 | I2: =AVERAGE(H2,H79) -> 1018.75
A3: 1974 | B3: VW | C3: Passat B1 | D3: 4200 | E3: 1620 | F3: 880 | G3: 995 | H3: =AVERAGE(F3:G3) -> 937.5 | I3: =AVERAGE(H3,H80) -> 1018.75
A4: 1975 | B4: VW | C4: Passat B1 | D4: 4200 | E4: 1620 | F4: 880 | G4: 995 | H4: =AVERAGE(F4:G4) -> 937.5 | I4: =AVERAGE(H4,H81) -> 1018.75
A5: 1976 | B5: VW | C5: Passat B1 | D5: 4200 | E5: 1620 | F5: 880 | G5: 995 | H5: =AVERAGE(F5:G5) -> 937.5 | I5: =AVERAGE(H5,H82) -> 1018.75
A6: 1977 | B6: VW | C6: Passat B1 | D6: 4200 | E6: 1620 | F6: 880 | G6: 995 | H6: =AVERAGE(F6:G6) -> 937.5 | I6: =AVERAGE(H6,H83) -> 1018.75
A7: 1978 | B7: VW | C7: Passat B1 | D7: 4200 | E7: 1620 | F7: 880 | G7: 995 | H7: =AVERAGE(F7:G7) -> 937.5 | I7: =AVERAGE(H7,H84) -> 1018.75
A8: 1979 | B8: VW | C8: Passat B1 | D8: 4200 | E8: 1620 | F8: 880 | G8: 995 | H8: =AVERAGE(F8:G8) -> 937.5 | I8: =AVERAGE(H8,H85) -> 1018.75
A9: 1980 | B9: VW | C9: Passat B1/B2 | D9: 4435-4540 | E9: 1685 | F9: 845 | G9: 1250 | H9: =AVERAGE(F9:G9) -> 1047.5 | I9: =AVERAGE(H9,H86) -> 1073.75
A10: 1981 | B10: VW | C10: Passat B2 | D10: 4435-4540 | E10: 1685 | F10: 845 | G10: 1250 | H10: =AVERAGE(F10:G10) -> 1047.5 | I10: =AVERAGE(H10,H87) -> 1073.75
A11: 1982 | B11: VW | C11: Passat B2 | D11: 4435-4540 | E11: 1685 | F11: 845 | G11: 1250 | H11: =AVERAGE(F11:G11) -> 1047.5 | I11: =AVERAGE(H11,H88) -> 1093.75
A12: 1983 | B12: VW | C12: Passat B2 | D12: 4435-4540 | E12: 1685 | F12: 845 | G12: 1250 | H12: =AVERAGE(F12:G12) -> 1047.5 | I12: =AVERAGE(H12,H89) -> 1093.75
A13: 1984 | B13: VW | C13: Passat B2 | D13: 4435-4540 | E13: 1685 | F13: 845 | G13: 1250 | H13: =AVERAGE(F13:G13) -> 1047.5 | I13: =AVERAGE(H13,H90) -> 1093.75
A14: 1985 | B14: VW | C14: Passat B2 | D14: 4435-4540 | E14: 1685 | F14: 845 | G14: 1250 | H14: =AVERAGE(F14:G14) -> 1047.5 | I14: =AVERAGE(H14,H91) -> 1093.75
A15: 1986 | B15: VW | C15: Passat B2 | D15: 4435-4540 | E15: 1685 | F15: 845 | G15: 1250 | H15: =AVERAGE(F15:G15) -> 1047.5 | I15: =AVERAGE(H15,H92) -> 1093.75
A16: 1987 | B16: VW | C16: Passat B2 | D16: 4435-4540 | E16: 1685 | F16: 845 | G16: 1250 | H16: =AVERAGE(F16:G16) -> 1047.5 | I16: =AVERAGE(H16,H93) -> 1093.75
A17: 1988 | B17: VW | C17: Passat B2/B3 | D17: 4575 | E17: 1705 | F17: 1130 | G17: 1380 | H17: =AVERAGE(F17:G17) -> 1255 | I17: =AVERAGE(H17,H54,H91) -> 1145
A18: 1989 | B18: VW | C18: Passat B3 | D18: 4575 | E18: 1705 | F18: 1130 | G18: 1380 | H18: =AVERAGE(F18:G18) -> 1255 | I18: =AVERAGE(H18,H55,H92) -> 1145
A19: 1990 | B19: VW | C19: Passat B3 | D19: 4575 | E19: 1705 | F19: 1130 | G19: 1380 | H19: =AVERAGE(F19:G19) -> 1255 | I19: =AVERAGE(H19,H56,H93) -> 1145
A20: 1991 | B20: VW | C20: Passat B3 | D20: 4575 | E20: 1705 | F20: 1130 | G20: 1380 | H20: =AVERAGE(F20:G20) -> 1255 | I20: =AVERAGE(H20,H57,H94) -> 1145
A21: 1992 | B21: VW | C21: Passat B3 | D21: 4575 | E21: 1705 | F21: 1130 | G21: 1380 | H21: =AVERAGE(F21:G21) -> 1255 | I21: =AVERAGE(H21,H58,H95) -> 1145
A22: 1993 | B22: VW | C22: Passat B3/B4 | D22: 4595-4605 | E22: 1720 | F22: 1210 | G22: 1445 | H22: =AVERAGE(F22:G22) -> 1327.5 | I22: =AVERAGE(H22,H59,H96) -> 1240.8333
A23: 1994 | B23: VW | C23: Passat B4 | D23: 4595-4605 | E23: 1720 | F23: 1210 | G23: 1445 | H23: =AVERAGE(F23:G23) -> 1327.5 | I23: =AVERAGE(H23,H60,H97) -> 1240.8333
A24: 1995 | B24: VW | C24: Passat B4 | D24: 4595-4605 | E24: 1720 | F24: 1210 | G24: 1445 | H24: =AVERAGE(F24:G24) -> 1327.5 | I24: =AVERAGE(H24,H61,H98) -> 1240.8333
A25: 1996 | B25: VW | C25: Passat B4/B5 | D25: 4669-4675 | E25: 1740 | F25: 1345 | G25: 1436 | H25: =AVERAGE(F25:G25) -> 1390.5 | I25: =AVERAGE(H25,H62,H99) -> 1357.6667
A26: 1997 | B26: VW | C26: Passat B4/B5 | D26: 4669-4675 | E26: 1740 | F26: 1345 | G26: 1436 | H26: =AVERAGE(F26:G26) -> 1390.5 | I26: =AVERAGE(H26,H63,H100) -> 1357.6667
A27: 1998 | B27: VW | C27: Passat B5 | D27: 4669-4675 | E27: 1740 | F27: 1345 | G27: 1436 | H27: =AVERAGE(F27:G27) -> 1390.5 | I27: =AVERAGE(H27,H64,H101) -> 1357.6667
A28: 1999 | B28: VW | C28: Passat B5 | D28: 4669-4675 | E28: 1740 | F28: 1345 | G28: 1436 | H28: =AVERAGE(F28:G28) -> 1390.5 | I28: =AVERAGE(H28,H65,H102) -> 1417.6667
A29: 2000 | B29: VW | C29: Passat B5 | D29: 4669-4675 | E29: 1740 | F29: 1345 | G29: 1436 | H29: =AVERAGE(F29:G29) -> 1390.5 | I29: =AVERAGE(H29,H66,H103) -> 1417.6667
A30: 2001 | B30: VW | C30: Passat B5 | D30: 4669-4675 | E30: 1740 | F30: 1345 | G30: 1436 | H30: =AVERAGE(F30:G30) -> 1390.5 | I30: =AVERAGE(H30,H67,H104) -> 1417.6667
A31: 2002 | B31: VW | C31: Passat B5 | D31: 4669-4675 | E31: 1740 | F31: 1345 | G31: 1436 | H31: =AVERAGE(F31:G31) -> 1390.5 | I31: =AVERAGE(H31,H68,H105) -> 1417.6667
A32: 2003 | B32: VW | C32: Passat B5 | D32: 4669-4675 | E32: 1740 | F32: 1345 | G32: 1436 | H32: =AVERAGE(F32:G32) -> 1390.5 | I32: =AVERAGE(H32,H69,H106) -> 1417.6667
A33: 2004 | B33: VW | C33: Passat B5 | D33: 4669-4675 | E33: 1740 | F33: 1345 | G33: 1436 | H33: =AVERAGE(F33:G33) -> 1390.5 | I33: =AVERAGE(H33,H70,H107) -> 1417.6667
... A40: 2011 | B40: VW | C40: Passat B7 | D40: 4769-4771 | E40: 1820 | F40: 1440 | G40: 1773 | H40: =AVERAGE(F40:G40) -> 1606.5 | I40: =AVERAGE(H40,H77,H114) -> 1628.8333
A41: 2012 | B41: VW | C41: Passat B7 | D41: 4769-4771 | E41: 1820 | F41: 1440 | G41: 1773 | H41: =AVERAGE(F41:G41) -> 1606.5 | I41: =AVERAGE(H41,H117) -> 1594.5
A42: 2013 | B42: VW | C42: Passat B7 | D42: 4769-4771 | E42: 1820 | F42: 1440 | G42: 1773 | H42: =AVERAGE(F42:G42) -> 1606.5 | I42: =AVERAGE(H42,H118) -> 1594.5
A43: 2014 | B43: VW | C43: Passat B7/B8 | D43: 4767-4777 | E43: 1832 | F43: 1367 | G43: 1776 | H43: =AVERAGE(F43:G43) -> 1571.5 | I43: =AVERAGE(H43,H119) -> 1577
A44: 2015 | B44: VW | C44: Passat B8 | D44: 4767-4777 | E44: 1832 | F44: 1367 | G44: 1776 | H44: =AVERAGE(F44:G44) -> 1571.5 | I44: =AVERAGE(H44,H120) -> 1577
A45: 2016 | B45: VW | C45: Passat B8 | D45: 4767-4777 | E45: 1832 | F45: 1367 | G45: 1776 | H45: =AVERAGE(F45:G45) -> 1571.5 | I45: =AVERAGE(H45,H121) -> 1577
A46: 2017 | B46: VW | C46: Passat B8 | D46: 4767-4777 | E46: 1832 | F46: 1367 | G46: 1776 | H46: =AVERAGE(F46:G46) -> 1571.5 | I46: =AVERAGE(H46,H122) -> 1577
A47: 2018 | B47: VW | C47: Passat B8 | D47: 4767-4777 | E47: 1832 | F47: 1367 | G47: 1776 | H47: =AVERAGE(F47:G47) -> 1571.5 | I47: =AVERAGE(H47,H123) -> 1639.5
A48: 2019 | B48: VW | C48: Passat B8 | D48: 4767-4777 | E48: 1832 | F48: 1367 | G48: 1776 | H48: =AVERAGE(F48:G48) -> 1571.5 | I48: =AVERAGE(H48,H124) -> 1639.5
A49: 2020 | B49: VW | C49: Passat B8 | D49: 4767-4777 | E49: 1832 | F49: 1367 | G49: 1776 | H49: =AVERAGE(F49:G49) -> 1571.5 | I49: =AVERAGE(H49,H125) -> 1639.5
A50: 2021 | B50: VW | C50: Passat B8 | D50: 4767-4777 | E50: 1832 | F50: 1367 | G50: 1776 | H50: =AVERAGE(F50:G50) -> 1571.5 | I50: =AVERAGE(H50,H126) -> 1639.5
A51: 2022 | B51: VW | C51: Passat B8 | D51: 4767-4777 | E51: 1832 | F51: 1367 | G51: 1776 | H51: =AVERAGE(F51:G51) -> 1571.5 | I51: =AVERAGE(H51,H127) -> 1639.5
A52: 2023 | B52: VW | C52: Passat B8 | D52: 4767-4777 | E52: 1832 | F52: 1367 | G52: 1776 | H52: =AVERAGE(F52:G52) -> 1571.5 | I52: =AVERAGE(H52,H128) -> 1639.5
A53: 2024 | B53: VW | C53: Passat B9 | D53: 4917 | E53: 1849 | F53: 1572 | G53: 1855 | H53: =AVERAGE(F53:G53) -> 1713.5 | I53: =AVERAGE(H53,H129) -> 1713.5
A54: 1987 | B54: Peugeot | C54: 405 | D54: 4408 | E54: 1695-1715 | F54: 970 | G54: 1110 | H54: =AVERAGE(F54:G54) -> 1040
A55: 1988 | B55: Peugeot | C55: 405 | D55: 4408 | E55: 1695-1715 | F55: 970 | G55: 1110 | H55: =AVERAGE(F55:G55) -> 1040
A56: 1989 | B56: Peugeot | C56: 405 | D56: 4408 | E56: 1695-1715 | F56: 970 | G56: 1110 | H56: =AVERAGE(F56:G56) -> 1040
A57: 1990 | B57: Peugeot | C57: 405 | D57: 4408 | E57: 1695-1715 | F57: 970 | G57: 1110 | H57: =AVERAGE(F57:G57) -> 1040
A58: 1991 | B58: Peugeot | C58: 405 | D58: 4408 | E58: 1695-1715 | F58: 970 | G58: 1110 | H58: =AVERAGE(F58:G58) -> 1040
A59: 1992 | B59: Peugeot | C59: 405 | D59: 4408 | E59: 1695-1715 | F59: 970 | G59: 1110 | H59: =AVERAGE(F59:G59) -> 1040
A60: 1993 | B60: Peugeot | C60: 405 | D60: 4408 | E60: 1695-1715 | F60: 970 | G60: 1110 | H60: =AVERAGE(F60:G60) -> 1040
A61: 1994 | B61: Peugeot | C61: 405 | D61: 4408 | E61: 1695-1715 | F61: 970 | G61: 1110 | H61: =AVERAGE(F61:G61) -> 1040
A62: 1995 | B62: Peugeot | C62: 406/405 | D62: 4555-4736 | E62: 1764-1780 | F62: 1240 | G62: 1415 | H62: =AVERAGE(F62:G62) -> 1327.5
A63: 1996 | B63: Peugeot | C63: 406/405 | D63: 4555-4736 | E63: 1764-1780 | F63: 1240 | G63: 1415 | H63: =AVERAGE(F63:G63) -> 1327.5
A64: 1997 | B64: Peugeot | C64: 406 | D64: 4555-4736 | E64: 1764-1780 | F64: 1240 | G64: 1415 | H64: =AVERAGE(F64:G64) -> 1327.5
A65: 1998 | B65: Peugeot | C65: 406 | D65: 4555-4736 | E65: 1764-1780 | F65: 1240 | G65: 1415 | H65: =AVERAGE(F65:G65) -> 1327.5
A66: 1999 | B66: Peugeot | C66: 406 | D66: 4555-4736 | E66: 1764-1780 | F66: 1240 | G66: 1415 | H66: =AVERAGE(F66:G66) -> 1327.5
A67: 2000 | B67: Peugeot | C67: 406 | D67: 4555-4736 | E67: 1764-1780 | F67: 1240 | G67: 1415 | H67: =AVERAGE(F67:G67) -> 1327.5
A68: 2001 | B68: Peugeot | C68: 406 | D68: 4555-4736 | E68: 1764-1780 | F68: 1240 | G68: 1415 | H68: =AVERAGE(F68:G68) -> 1327.5
A69: 2002 | B69: Peugeot | C69: 406 | D69: 4555-4736 | E69: 1764-1780 | F69: 1240 | G69: 1415 | H69: =AVERAGE(F69:G69) -> 1327.5
A70: 2003 | B70: Peugeot | C70: 406 | D70: 4555-4736 | E70: 1764-1780 | F70: 1240 | G70: 1415 | H70: =AVERAGE(F70:G70) -> 1327.5
A71: 2004 | B71: Peugeot | C71: 407/406 | D71: 4676-4820 | E71: 1811-1870 | F71: 1475 | G71: 1835 | H71: =AVERAGE(F71:G71) -> 1655
A72: 2005 | B72: Peugeot | C72: 407/406 | D72: 4676-4820 | E72: 1811-1870 | F72: 1475 | G72: 1835 | H72: =AVERAGE(F72:G72) -> 1655
A73: 2006 | B73: Peugeot | C73: 407 | D73: 4676-4820 | E73: 1811-1870 | F73: 1475 | G73: 1835 | H73: =AVERAGE(F73:G73) -> 1655
A74: 2007 | B74: Peugeot | C74: 407 | D74: 4676-4820 | E74: 1811-1870 | F74: 1475 | G74: 1835 | H74: =AVERAGE(F74:G74) -> 1655
A75: 2008 | B75: Peugeot | C75: 407 | D75: 4676-4820 | E75: 1811-1870 | F75: 1475 | G75: 1835 | H75: =AVERAGE(F75:G75) -> 1655
A76: 2009 | B76: Peugeot | C76: 407 | D76: 4676-4820 | E76: 1811-1870 | F76: 1475 | G76: 1835 | H76: =AVERAGE(F76:G76) -> 1655
A77: 2010 | B77: Peugeot | C77: 407 | D77: 4676-4821 | E77: 1811-1871 | F77: 1475 | G77: 1835 | H77: =AVERAGE(F77:G77) -> 1655
A78: 2011 | B78: Peugeot | C78: 407 | D78: 4676-4822 | E78: 1811-1872 | F78: 1475 | G78: 1835 | H78: =AVERAGE(F78:G78) -> 1655
A79: 1975 | B79: BMW | C79: 3 Series (E21) | D79: 4355-4508 | E79: 1610 | F79: 1020 | G79: 1180 | H79: =AVERAGE(F79:G79) -> 1100
A80: 1976 | B80: BMW | C80: 3 Series (E21) | D80: 4355-4508 | E80: 1610 | F80: 1020 | G80: 1180 | H80: =AVERAGE(F80:G80) -> 1100
A81: 1977 | B81: BMW | C81: 3 Series (E21) | D81: 4355-4508 | E81: 1610 | F81: 1020 | G81: 1180 | H81: =AVERAGE(F81:G81) -> 1100
A82: 1978 | B82: BMW | C82: 3 Series (E21) | D82: 4355-4508 | E82: 1610 | F82: 1020 | G82: 1180 | H82: =AVERAGE(F82:G82) -> 1100
A83: 1979 | B83: BMW | C83: 3 Series (E21) | D83: 4355-4508 | E83: 1610 | F83: 1020 | G83: 1180 | H83: =AVERAGE(F83:G83) -> 1100
A84: 1980 | B84: BMW | C84: 3 Series (E21) | D84: 4355-4508 | E84: 1610 | F84: 1020 | G84: 1180 | H84: =AVERAGE(F84:G84) -> 1100
A85: 1981 | B85: BMW | C85: 3 Series (E21) | D85: 4355-4508 | E85: 1610 | F85: 1020 | G85: 1180 | H85: =AVERAGE(F85:G85) -> 1100
A86: 1982 | B86: BMW | C86: 3 Series (E21) | D86: 4355-4508 | E86: 1610 | F86: 1020 | G86: 1180 | H86: =AVERAGE(F86:G86) -> 1100
A87: 1983 | B87: BMW | C87: 3 Series (E21/E30) | D87: 4355-4508 | E87: 1610 | F87: 1020 | G87: 1180 | H87: =AVERAGE(F87:G87) -> 1100
A88: 1984 | B88: BMW | C88: 3 Series (E30) | D88: 4320-4460 | E88: 1645 | F88: 1080 | G88: 1200 | H88: =AVERAGE(F88:G88) -> 1140
A89: 1985 | B89: BMW | C89: 3 Series (E30) | D89: 4320-4460 | E89: 1645 | F89: 1080 | G89: 1200 | H89: =AVERAGE(F89:G89) -> 1140
A90: 1986 | B90: BMW | C90: 3 Series (E30) | D90: 4320-4460 | E90: 1645 | F90: 1080 | G90: 1200 | H90: =AVERAGE(F90:G90) -> 1140
... A95: 1991 | B95: BMW | C95: 3 Series (E30) | D95: 4320-4460 | E95: 1645 | F95: 1080 | G95: 1200 | H95: =AVERAGE(F95:G95) -> 1140
A96: 1992 | B96: BMW | C96: 3 Series (E30/E36) | D96: 4433 | E96: 1710 | F96: 1315 | G96: 1395 | H96: =AVERAGE(F96:G96) -> 1355
A97: 1993 | B97: BMW | C97: 3 Series (E30/E36) | D97: 4433 | E97: 1710 | F97: 1315 | G97: 1395 | H97: =AVERAGE(F97:G97) -> 1355
A98: 1994 | B98: BMW | C98: 3 Series (E30/E36) | D98: 4433 | E98: 1710 | F98: 1315 | G98: 1395 | H98: =AVERAGE(F98:G98) -> 1355
A99: 1995 | B99: BMW | C99: 3 Series (E36) | D99: 4433 | E99: 1710 | F99: 1315 | G99: 1395 | H99: =AVERAGE(F99:G99) -> 1355
A100: 1996 | B100: BMW | C100: 3 Series (E36) | D100: 4433 | E100: 1710 | F100: 1315 | G100: 1395 | H100: =AVERAGE(F100:G100) -> 1355
A101: 1997 | B101: BMW | C101: 3 Series (E36) | D101: 4433 | E101: 1710 | F101: 1315 | G101: 1395 | H101: =AVERAGE(F101:G101) -> 1355
A102: 1998 | B102: BMW | C102: 3 Series (E36/E46) | D102: 4470-4490 | E102: 1740-1760 | F102: 1285 | G102: 1785 | H102: =AVERAGE(F102:G102) -> 1535
A103: 1999 | B103: BMW | C103: 3 Series (E36/E46) | D103: 4470-4490 | E103: 1740-1760 | F103: 1285 | G103: 1785 | H103: =AVERAGE(F103:G103) -> 1535
A104: 2000 | B104: BMW | C104: 3 Series (E36/E46) | D104: 4470-4490 | E104: 1740-1760 | F104: 1285 | G104: 1785 | H104: =AVERAGE(F104:G104) -> 1535
A105: 2001 | B105: BMW | C105: 3 Series (E46) | D105: 4470-4490 | E105: 1740-1760 | F105: 1285 | G105: 1785 | H105: =AVERAGE(F105:G105) -> 1535
A106: 2002 | B106: BMW | C106: 3 Series (E46) | D106: 4470-4490 | E106: 1740-1760 | F106: 1285 | G106: 1785 | H106: =AVERAGE(F106:G106) -> 1535
A107: 2003 | B107: BMW | C107: 3 Series (E46) | D107: 4470-4490 | E107: 1740-1760 | F107: 1285 | G107: 1785 | H107: =AVERAGE(F107:G107) -> 1535
A108: 2004 | B108: BMW | C108: 3 Series (E46) | D108: 4470-4490 | E108: 1740-1760 | F108: 1285 | G108: 1785 | H108: =AVERAGE(F108:G108) -> 1535
A109: 2005 | B109: BMW | C109: 3 Series (E46/E90) | D109: 4520-4610 | E109: 1780-1820 | F109: 1425 | G109: 1825 | H109: =AVERAGE(F109:G109) -> 1625
A110: 2006 | B110: BMW | C110: 3 Series (E46/E90) | D110: 4520-4610 | E110: 1780-1820 | F110: 1425 | G110: 1825 | H110: =AVERAGE(F110:G110) -> 1625
...

Sheet SegmentE
A1: year | B1: campany | C1: type | D1: length | E1: width | F1: weightLow | G1: weightUp | H1: Mean Weight | I1: Mean Weigth Segment E
A2: 1979 | B2: Peugeot | C2: 505 | D2: 4600-4900 | E2: 1750 | F2: 1200 | G2: 1400 | H2: =AVERAGE(F2:G2) -> 1300
A3: 1980 | B3: Peugeot | C3: 505 | D3: 4600-4900 | E3: 1750 | F3: 1200 | G3: 1400 | H3: =AVERAGE(F3:G3) -> 1300
A4: 1981 | B4: Peugeot | C4: 505 | D4: 4600-4900 | E4: 1750 | F4: 1200 | G4: 1400 | H4: =AVERAGE(F4:G4) -> 1300
A5: 1982 | B5: Peugeot | C5: 505 | D5: 4600-4900 | E5: 1750 | F5: 1200 | G5: 1400 | H5: =AVERAGE(F5:G5) -> 1300
A6: 1983 | B6: Peugeot | C6: 505 | D6: 4600-4900 | E6: 1750 | F6: 1200 | G6: 1400 | H6: =AVERAGE(F6:G6) -> 1300
A7: 1984 | B7: Peugeot | C7: 505 | D7: 4600-4900 | E7: 1750 | F7: 1200 | G7: 1400 | H7: =AVERAGE(F7:G7) -> 1300
A8: 1985 | B8: Peugeot | C8: 505 | D8: 4600-4900 | E8: 1750 | F8: 1200 | G8: 1400 | H8: =AVERAGE(F8:G8) -> 1300
A9: 1986 | B9: Peugeot
A10: 1987 | B10: Peugeot
A11: 1988 | B11: Peugeot
A12: 1989 | B12: Peugeot | C12: 605 | D12: 4720 | E12: 1800 | F12: 1325 | G12: 1460 | H12: =AVERAGE(F12:G12) -> 1392.5
A13: 1990 | B13: Peugeot | C13: 605 | D13: 4720 | E13: 1800 | F13: 1325 | G13: 1460 | H13: =AVERAGE(F13:G13) -> 1392.5
A14: 1991 | B14: Peugeot | C14: 605 | D14: 4720 | E14: 1800 | F14: 1325 | G14: 1460 | H14: =AVERAGE(F14:G14) -> 1392.5
A15: 1992 | B15: Peugeot | C15: 605 | D15: 4720 | E15: 1800 | F15: 1325 | G15: 1460 | H15: =AVERAGE(F15:G15) -> 1392.5
A16: 1993 | B16: Peugeot | C16: 605 | D16: 4720 | E16: 1800 | F16: 1325 | G16: 1460 | H16: =AVERAGE(F16:G16) -> 1392.5
A17: 1994 | B17: Peugeot | C17: 605 | D17: 4720 | E17: 1800 | F17: 1325 | G17: 1460 | H17: =AVERAGE(F17:G17) -> 1392.5
A18: 1995 | B18: Peugeot | C18: 605 | D18: 4720 | E18: 1800 | F18: 1325 | G18: 1460 | H18: =AVERAGE(F18:G18) -> 1392.5
A19: 1996 | B19: Peugeot | C19: 605 | D19: 4720 | E19: 1800 | F19: 1325 | G19: 1460 | H19: =AVERAGE(F19:G19) -> 1392.5
A20: 1997 | B20: Peugeot | C20: 605 | D20: 4720 | E20: 1800 | F20: 1325 | G20: 1460 | H20: =AVERAGE(F20:G20) -> 1392.5
A21: 1998 | B21: Peugeot | C21: 605 | D21: 4720 | E21: 1800 | F21: 1325 | G21: 1460 | H21: =AVERAGE(F21:G21) -> 1392.5
A22: 1999 | B22: Peugeot | C22: 605 | D22: 4720 | E22: 1800 | F22: 1325 | G22: 1460 | H22: =AVERAGE(F22:G22) -> 1392.5
A23: 2000 | B23: Peugeot | C23: 607 | D23: 4902 | E23: 1835 | F23: 1610 | G23: 1798 | H23: =AVERAGE(F23:G23) -> 1704
... A32: 2009 | B32: Peugeot | C32: 607 | D32: 4902 | E32: 1835 | F32: 1610 | G32: 1798 | H32: =AVERAGE(F32:G32) -> 1704
A33: 2010 | B33: Peugeot | C33: 508/607 | D33: 4792-4830 | E33: 1853 | F33: 1390 | G33: 1910 | H33: =AVERAGE(F33:G33) -> 1650
A34: 2011 | B34: Peugeot | C34: 508 | D34: 4792-4830 | E34: 1853 | F34: 1390 | G34: 1910 | H34: =AVERAGE(F34:G34) -> 1650
A35: 2012 | B35: Peugeot | C35: 508 | D35: 4792-4830 | E35: 1853 | F35: 1390 | G35: 1910 | H35: =AVERAGE(F35:G35) -> 1650
A36: 2013 | B36: Peugeot | C36: 508 | D36: 4792-4830 | E36: 1853 | F36: 1390 | G36: 1910 | H36: =AVERAGE(F36:G36) -> 1650
A37: 2014 | B37: Peugeot | C37: 508 | D37: 4792-4830 | E37: 1853 | F37: 1390 | G37: 1910 | H37: =AVERAGE(F37:G37) -> 1650
A38: 2015 | B38: Peugeot | C38: 508 | D38: 4792-4830 | E38: 1853 | F38: 1390 | G38: 1910 | H38: =AVERAGE(F38:G38) -> 1650
A39: 2016 | B39: Peugeot | C39: 508 | D39: 4792-4830 | E39: 1853 | F39: 1390 | G39: 1910 | H39: =AVERAGE(F39:G39) -> 1650
A40: 2017 | B40: Peugeot | C40: 508 | D40: 4792-4830 | E40: 1853 | F40: 1390 | G40: 1910 | H40: =AVERAGE(F40:G40) -> 1650
A41: 2018 | B41: Peugeot | C41: 508 I/II | D41: 4750-4870 | E41: 1855-1859 | F41: 1478 | G41: 1610 | H41: =AVERAGE(F41:G41) -> 1544
A42: 2019 | B42: Peugeot | C42: 508 II | D42: 4750-4870 | E42: 1855-1859 | F42: 1478 | G42: 1610 | H42: =AVERAGE(F42:G42) -> 1544
A43: 2020 | B43: Peugeot | C43: 508 II | D43: 4750-4870 | E43: 1855-1859 | F43: 1478 | G43: 1610 | H43: =AVERAGE(F43:G43) -> 1544
A44: 2021 | B44: Peugeot | C44: 508 II | D44: 4750-4870 | E44: 1855-1859 | F44: 1478 | G44: 1610 | H44: =AVERAGE(F44:G44) -> 1544
A45: 2022 | B45: Peugeot | C45: 508 II | D45: 4750-4870 | E45: 1855-1859 | F45: 1478 | G45: 1610 | H45: =AVERAGE(F45:G45) -> 1544
A46: 2023 | B46: Peugeot | C46: 508 II | D46: 4750-4870 | E46: 1855-1859 | F46: 1478 | G46: 1610 | H46: =AVERAGE(F46:G46) -> 1544
A47: 2024 | B47: Peugeot | C47: 508 II | D47: 4750-4870 | E47: 1855-1859 | F47: 1478 | G47: 1610 | H47: =AVERAGE(F47:G47) -> 1544
A48: 1975 | B48: BMW | C48: 5 Series (E12) | D48: 4620 | E48: 1690 | F48: 1233 | G48: 1495 | H48: =AVERAGE(F48:G48) -> 1364 | I48: =AVERAGE(H48) -> 1364
A49: 1976 | B49: BMW | C49: 5 Series (E12) | D49: 4620 | E49: 1690 | F49: 1233 | G49: 1495 | H49: =AVERAGE(F49:G49) -> 1364 | I49: =AVERAGE(H49) -> 1364
A50: 1977 | B50: BMW | C50: 5 Series (E12) | D50: 4620 | E50: 1690 | F50: 1233 | G50: 1495 | H50: =AVERAGE(F50:G50) -> 1364 | I50: =AVERAGE(H50) -> 1364
A51: 1978 | B51: BMW | C51: 5 Series (E12) | D51: 4620 | E51: 1690 | F51: 1233 | G51: 1495 | H51: =AVERAGE(F51:G51) -> 1364 | I51: =AVERAGE(H51) -> 1364
A52: 1979 | B52: BMW | C52: 5 Series (E12) | D52: 4620 | E52: 1690 | F52: 1233 | G52: 1495 | H52: =AVERAGE(F52:G52) -> 1364 | I52: =AVERAGE(H52) -> 1364
A53: 1980 | B53: BMW | C53: 5 Series (E12) | D53: 4620 | E53: 1690 | F53: 1233 | G53: 1495 | H53: =AVERAGE(F53:G53) -> 1364 | I53: =AVERAGE(H53,H2) -> 1332
A54: 1981 | B54: BMW | C54: 5 Series (E12) | D54: 4620 | E54: 1690 | F54: 1233 | G54: 1495 | H54: =AVERAGE(F54:G54) -> 1364 | I54: =AVERAGE(H54,H3) -> 1332
A55: 1982 | B55: BMW | C55: 5 Series (E28) | D55: 4620 | E55: 1700 | F55: 1160 | G55: 1934 | H55: =AVERAGE(F55:G55) -> 1547 | I55: =AVERAGE(H55,H4) -> 1423.5
A56: 1983 | B56: BMW | C56: 5 Series (E28) | D56: 4620 | E56: 1700 | F56: 1160 | G56: 1934 | H56: =AVERAGE(F56:G56) -> 1547 | I56: =AVERAGE(H56,H5) -> 1423.5
A57: 1984 | B57: BMW | C57: 5 Series (E28) | D57: 4620 | E57: 1700 | F57: 1160 | G57: 1934 | H57: =AVERAGE(F57:G57) -> 1547 | I57: =AVERAGE(H57,H6) -> 1423.5
A58: 1985 | B58: BMW | C58: 5 Series (E28) | D58: 4620 | E58: 1700 | F58: 1160 | G58: 1934 | H58: =AVERAGE(F58:G58) -> 1547 | I58: =AVERAGE(H58,H7) -> 1423.5
A59: 1986 | B59: BMW | C59: 5 Series (E28) | D59: 4620 | E59: 1700 | F59: 1160 | G59: 1934 | H59: =AVERAGE(F59:G59) -> 1547 | I59: =AVERAGE(H59) -> 1547
A60: 1987 | B60: BMW | C60: 5 Series (E28) | D60: 4620 | E60: 1700 | F60: 1160 | G60: 1934 | H60: =AVERAGE(F60:G60) -> 1547 | I60: =AVERAGE(H60) -> 1547
A61: 1988 | B61: BMW | C61: 5 Series (E28) | D61: 4620 | E61: 1700 | F61: 1160 | G61: 1934 | H61: =AVERAGE(F61:G61) -> 1547 | I61: =AVERAGE(H61) -> 1547
A62: 1989 | B62: BMW | C62: 5 Series (E34) | D62: 4720 | E62: 1750 | F62: 1440 | G62: 1800 | H62: =AVERAGE(F62:G62) -> 1620 | I62: =AVERAGE(H62,H12) -> 1506.25
A63: 1990 | B63: BMW | C63: 5 Series (E34) | D63: 4720 | E63: 1750 | F63: 1440 | G63: 1800 | H63: =AVERAGE(F63:G63) -> 1620 | I63: =AVERAGE(H63,H13) -> 1506.25
A64: 1991 | B64: BMW | C64: 5 Series (E34) | D64: 4720 | E64: 1750 | F64: 1440 | G64: 1800 | H64: =AVERAGE(F64:G64) -> 1620 | I64: =AVERAGE(H64,H14) -> 1506.25
A65: 1992 | B65: BMW | C65: 5 Series (E34) | D65: 4720 | E65: 1750 | F65: 1440 | G65: 1800 | H65: =AVERAGE(F65:G65) -> 1620 | I65: =AVERAGE(H65,H15) -> 1506.25
A66: 1993 | B66: BMW | C66: 5 Series (E34) | D66: 4720 | E66: 1750 | F66: 1440 | G66: 1800 | H66: =AVERAGE(F66:G66) -> 1620 | I66: =AVERAGE(H66,H16) -> 1506.25
A67: 1994 | B67: BMW | C67: 5 Series (E34) | D67: 4720 | E67: 1750 | F67: 1440 | G67: 1800 | H67: =AVERAGE(F67:G67) -> 1620 | I67: =AVERAGE(H67,H17) -> 1506.25
A68: 1995 | B68: BMW | C68: 5 Series (E34) | D68: 4720 | E68: 1750 | F68: 1440 | G68: 1800 | H68: =AVERAGE(F68:G68) -> 1620 | I68: =AVERAGE(H68,H18) -> 1506.25
A69: 1996 | B69: BMW | C69: 5 Series (E39) | D69: 4775-4805 | E69: 1800 | F69: 1685 | G69: 1845 | H69: =AVERAGE(F69:G69) -> 1765 | I69: =AVERAGE(H69,H19) -> 1578.75
A70: 1997 | B70: BMW | C70: 5 Series (E39) | D70: 4775-4805 | E70: 1800 | F70: 1685 | G70: 1845 | H70: =AVERAGE(F70:G70) -> 1765 | I70: =AVERAGE(H70,H20) -> 1578.75
A71: 1998 | B71: BMW | C71: 5 Series (E39) | D71: 4775-4805 | E71: 1800 | F71: 1685 | G71: 1845 | H71: =AVERAGE(F71:G71) -> 1765 | I71: =AVERAGE(H71,H21) -> 1578.75
A72: 1999 | B72: BMW | C72: 5 Series (E39) | D72: 4775-4805 | E72: 1800 | F72: 1685 | G72: 1845 | H72: =AVERAGE(F72:G72) -> 1765 | I72: =AVERAGE(H72,H22) -> 1578.75
A73: 2000 | B73: BMW | C73: 5 Series (E39) | D73: 4775-4805 | E73: 1800 | F73: 1685 | G73: 1845 | H73: =AVERAGE(F73:G73) -> 1765 | I73: =AVERAGE(H73,H23) -> 1734.5
A74: 2001 | B74: BMW | C74: 5 Series (E39) | D74: 4775-4805 | E74: 1800 | F74: 1685 | G74: 1845 | H74: =AVERAGE(F74:G74) -> 1765 | I74: =AVERAGE(H74,H24) -> 1734.5
A75: 2002 | B75: BMW | C75: 5 Series (E39) | D75: 4775-4805 | E75: 1800 | F75: 1685 | G75: 1845 | H75: =AVERAGE(F75:G75) -> 1765 | I75: =AVERAGE(H75,H25) -> 1734.5
A76: 2003 | B76: BMW | C76: 5 Series (E39) | D76: 4775-4805 | E76: 1800 | F76: 1685 | G76: 1845 | H76: =AVERAGE(F76:G76) -> 1765 | I76: =AVERAGE(H76,H26) -> 1734.5
A77: 2004 | B77: BMW | C77: 5 Series (E60) | D77: 4843-4983 | E77: 1850 | F77: 1545 | G77: 1830 | H77: =AVERAGE(F77:G77) -> 1687.5 | I77: =AVERAGE(H77,H27) -> 1695.75
A78: 2005 | B78: BMW | C78: 5 Series (E60) | D78: 4843-4983 | E78: 1850 | F78: 1545 | G78: 1830 | H78: =AVERAGE(F78:G78) -> 1687.5 | I78: =AVERAGE(H78,H28) -> 1695.75
A79: 2006 | B79: BMW | C79: 5 Series (E60) | D79: 4843-4983 | E79: 1850 | F79: 1545 | G79: 1830 | H79: =AVERAGE(F79:G79) -> 1687.5 | I79: =AVERAGE(H79,H29) -> 1695.75
A80: 2007 | B80: BMW | C80: 5 Series (E60) | D80: 4843-4983 | E80: 1850 | F80: 1545 | G80: 1830 | H80: =AVERAGE(F80:G80) -> 1687.5 | I80: =AVERAGE(H80,H30) -> 1695.75
... A89: 2016 | B89: BMW | C89: 5 Series (F10) | D89: 4899-5039 | E89: 1860 | F89: 1700 | G89: 1935 | H89: =AVERAGE(F89:G89) -> 1817.5 | I89: =AVERAGE(H89,H39) -> 1733.75
A90: 2017 | B90: BMW | C90: 5 Series (G30) | D90: 4936-5092 | E90: 1858-1868 | F90: 1605 | G90: 2035 | H90: =AVERAGE(F90:G90) -> 1820 | I90: =AVERAGE(H90,H40) -> 1735
A91: 2018 | B91: BMW | C91: 5 Series (G30) | D91: 4936-5092 | E91: 1858-1868 | F91: 1605 | G91: 2035 | H91: =AVERAGE(F91:G91) -> 1820 | I91: =AVERAGE(H91,H41) -> 1682
A92: 2019 | B92: BMW | C92: 5 Series (G30) | D92: 4936-5092 | E92: 1858-1868 | F92: 1605 | G92: 2035 | H92: =AVERAGE(F92:G92) -> 1820 | I92: =AVERAGE(H92,H42) -> 1682
A93: 2020 | B93: BMW | C93: 5 Series (G30) | D93: 4936-5092 | E93: 1858-1868 | F93: 1605 | G93: 2035 | H93: =AVERAGE(F93:G93) -> 1820 | I93: =AVERAGE(H93,H43) -> 1682
A94: 2021 | B94: BMW | C94: 5 Series (G30) | D94: 4936-5092 | E94: 1858-1868 | F94: 1605 | G94: 2035 | H94: =AVERAGE(F94:G94) -> 1820 | I94: =AVERAGE(H94,H44) -> 1682
A95: 2022 | B95: BMW | C95: 5 Series (G30) | D95: 4936-5092 | E95: 1858-1868 | F95: 1605 | G95: 2035 | H95: =AVERAGE(F95:G95) -> 1820 | I95: =AVERAGE(H95,H45) -> 1682
A96: 2023 | B96: BMW | C96: 5 Series (G30) | D96: 4936-5092 | E96: 1858-1868 | F96: 1605 | G96: 2035 | H96: =AVERAGE(F96:G96) -> 1820 | I96: =AVERAGE(H96,H46) -> 1682
A97: 2024 | B97: BMW | C97: 5 Series (G30) | D97: 4936-5092 | E97: 1858-1868 | F97: 1605 | G97: 2035 | H97: =AVERAGE(F97:G97) -> 1820 | I97: =AVERAGE(H97,H47) -> 1682
K106: The

Sheet SegmentF
A1: year | B1: campany | C1: type | D1: length | E1: width | F1: weightLow | G1: weightUp | H1: Mean Weight | I1: Mean Weight Segment F
A2: 1975 | B2: BMW | C2: 7 Series (E23) | D2: 4860-5014 | E2: 1800 | F2: 1470 | G2: 1629 | H2: =AVERAGE(F2:G2) -> 1549.5 | I2: =H2 -> 1549.5
A3: 1976 | B3: BMW | C3: 7 Series (E23) | D3: 4860-5014 | E3: 1800 | F3: 1470 | G3: 1629 | H3: =AVERAGE(F3:G3) -> 1549.5 | I3: =H3 -> 1549.5
A4: 1977 | B4: BMW | C4: 7 Series (E23) | D4: 4860-5014 | E4: 1800 | F4: 1470 | G4: 1629 | H4: =AVERAGE(F4:G4) -> 1549.5 | I4: =H4 -> 1549.5
A5: 1978 | B5: BMW | C5: 7 Series (E23) | D5: 4860-5014 | E5: 1800 | F5: 1470 | G5: 1629 | H5: =AVERAGE(F5:G5) -> 1549.5 | I5: =H5 -> 1549.5
A6: 1979 | B6: BMW | C6: 7 Series (E23) | D6: 4860-5014 | E6: 1800 | F6: 1470 | G6: 1629 | H6: =AVERAGE(F6:G6) -> 1549.5 | I6: =H6 -> 1549.5
A7: 1980 | B7: BMW | C7: 7 Series (E23) | D7: 4860-5014 | E7: 1800 | F7: 1470 | G7: 1629 | H7: =AVERAGE(F7:G7) -> 1549.5 | I7: =H7 -> 1549.5
A8: 1981 | B8: BMW | C8: 7 Series (E23) | D8: 4860-5014 | E8: 1800 | F8: 1470 | G8: 1629 | H8: =AVERAGE(F8:G8) -> 1549.5 | I8: =H8 -> 1549.5
A9: 1982 | B9: BMW | C9: 7 Series (E23) | D9: 4860-5014 | E9: 1800 | F9: 1470 | G9: 1629 | H9: =AVERAGE(F9:G9) -> 1549.5 | I9: =H9 -> 1549.5
A10: 1983 | B10: BMW | C10: 7 Series (E23) | D10: 4860-5014 | E10: 1800 | F10: 1470 | G10: 1629 | H10: =AVERAGE(F10:G10) -> 1549.5 | I10: =H10 -> 1549.5
A11: 1984 | B11: BMW | C11: 7 Series (E23) | D11: 4860-5014 | E11: 1800 | F11: 1470 | G11: 1629 | H11: =AVERAGE(F11:G11) -> 1549.5 | I11: =H11 -> 1549.5
A12: 1985 | B12: BMW | C12: 7 Series (E23) | D12: 4860-5014 | E12: 1800 | F12: 1470 | G12: 1629 | H12: =AVERAGE(F12:G12) -> 1549.5 | I12: =H12 -> 1549.5
A13: 1986 | B13: BMW | C13: 7 Series (E23) | D13: 4860-5014 | E13: 1800 | F13: 1470 | G13: 1629 | H13: =AVERAGE(F13:G13) -> 1549.5 | I13: =H13 -> 1549.5
... A49: 2022 | B49: BMW | C49: 7 Series (G11) | D49: 5098-5268 | E49: 1902 | F49: 1755 | G49: 2255 | H49: =AVERAGE(F49:G49) -> 2005 | I49: =H49 -> 2005
A50: 2023 | B50: BMW | C50: 7 Series (G70) | D50: 5391 | E50: 1950 | F50: 2075 | G50: 2770 | H50: =AVERAGE(F50:G50) -> 2422.5 | I50: =H50 -> 2422.5
A51: 2024 | B51: BMW | C51: 7 Series (G70) | D51: 5391 | E51: 1950 | F51: 2075 | G51: 2770 | H51: =AVERAGE(F51:G51) -> 2422.5 | I51: =H51 -> 2422.5

Sheet EuroStat
A1: weightLow | B1: weightHigh | C1: Range
B2: 999 | C2: 1
A3: 1000 | B3: 1249 | C3: 2
A4: 1250 | B4: 1499 | C4: 3
A5: 1500 | C5: 4

Sheet TranslateKeys
A1: FuturamKey-Petrol | B1: InternalKey
A2: V0101010000 | B2: vPetrolStandard
A3: V0101010101 | B3: vPetrolA
A4: V0101010102 | B4: vPetrolB
A5: V0101010103 | B5: vPetrolC
A6: V0101010104 | B6: vPetrolD
A7: V0101010105 | B7: vPetrolE
A8: V0101010106 | B8: vPetrolF
A9: V0101010201 | B9: vPetrolJA
A10: V0101010202 | B10: vPetrolJB
A11: V0101010203 | B11: vPetrolJC
A12: V0101010204 | B12: vPetrolJD
... A53: V0401010206 | B53: vHEVJF

Sheet Keys
A1: Year | B1: Weight Standard | C1: Standard Weight Rang | D1: Weight Segment A | E1: Segement A Weight Range | F1: Weight Segment B | G1: Segment B Weight Range | H1: Weight Segment C | I1: Segment C Weight Rang | J1: Weight Segment D | K1: Segment D Weight Range | L1: Weight Segment E | M1: Segment E Weight Range | N1: Weight Segment F | O1: Segment F Weight Range | P1: JRC_V01010001 | Q1: JRC_V01010101 | R1: JRC_V01010201 | S1: JRC_V01010301 | T1: JRC_V01010002 | U1: JRC_V01010102 | V1: JRC_V01010202 | W1: JRC_V01010302 | X1: JRC_V01010003 | Y1: JRC_V01010103 | Z1: JRC_V01010203 | AA1: JRC_V01010303 | AB1: JRC_V01010004 | AC1: JRC_V01010104 | AD1: JRC_V01010204 | AE1: JRC_V01010304 | AF1: V0101010100 - Standard Pertoleum Car | AG1: JRC_V01070000 | AH1: JRC_V01070001 | AI1: JRC_V01070002 | AJ1: JRC_V01070003 | AK1: JRC_V01070004 | AL1: JRC_V01070400 | AM1: JRC_V01070401 | AN1: JRC_V01070402 | AO1: JRC_V01070403 | AP1: JRC_V01070304 | AQ1: JRC_V01050000 | AR1: JRC_V01050101 | AS1: JRC_V01050102 | AT1: JRC_V01050103 | AU1: JRC_V01050104 | AV1: JRC_V01050201 | AW1: JRC_V01050202 | AX1: JRC_V01050203 | AY1: JRC_V01050204 | AZ1: JRC_V01050301 | BA1: JRC_V01050302 | BB1: JRC_V01050303 | BC1: JRC_V01050304 | BD1: JRC_V01060000 | BE1: JRC_V01060101 | BF1: JRC_V01060102 | BG1: JRC_V01060103 | BH1: JRC_V01060104 | BI1: JRC_V01060201 | BJ1: JRC_V01060202 | BK1: JRC_V01060203 | BL1: JRC_V01060204 | BM1: JRC_V01060301 | BN1: JRC_V01060302 | BO1: JRC_V01060303 | BP1: JRC_V01060304
A2: 1975 | B2: =AVERAGE(F2,H2,J2,L2,N2) -> 1108.3667 | C2: 2 | E2: 1 | F2: =SegmentB!I2 -> 741.25 | G2: 1 | H2: ='Segment C'!I3 -> 868.33333 | I2: 1 | J2: =SegmentD!I4 -> 1018.75 | K2: 2 | L2: =SegmentE!I48 -> 1364 | M2: 3 | N2: =SegmentF!I2 -> 1549.5 | O2: 4 | P2: V0101010101;V0101010102;V0101010103 | Q2: V0101010101;V0101010102;V0101010103 | R2: V0101010101;V0101010102;V0101010103 | S2: V0101010101;V0101010102;V0101010103 | T2: V0101010104 | U2: V0101010104 | V2: V0101010104 | W2: V0101010104 | X2: V0101010105 | Y2: V0101010105 | Z2: V0101010105 | AA2: V0101010105 | AB2: V0101010106 | AC2: V0101010106 | AD2: V0101010106 | AE2: V0101010106 | AF2: It includes all JRC codes for petroleum Cars
A3: 1976 | B3: =AVERAGE(F3,H3,J3,L3,N3) -> 1108.3667 | C3: 2 | E3: 1 | F3: =SegmentB!I3 -> 741.25 | G3: 1 | H3: ='Segment C'!I4 -> 868.33333 | I3: 1 | J3: =SegmentD!I5 -> 1018.75 | K3: 2 | L3: =SegmentE!I49 -> 1364 | M3: 3 | N3: =SegmentF!I3 -> 1549.5 | O3: 4 | P3: V0101010101;V0101010102;V0101010103 | Q3: V0101010101;V0101010102;V0101010103 | R3: V0101010101;V0101010102;V0101010103 | S3: V0101010101;V0101010102;V0101010103 | T3: V0101010104 | U3: V0101010104 | V3: V0101010104 | W3: V0101010104 | X3: V0101010105 | Y3: V0101010105 | Z3: V0101010105 | AA3: V0101010105 | AB3: V0101010106 | AC3: V0101010106 | AD3: V0101010106 | AE3: V0101010106
A4: 1977 | B4: =AVERAGE(F4,H4,J4,L4,N4) -> 1108.3667 | C4: 2 | E4: 1 | F4: =SegmentB!I4 -> 741.25 | G4: 1 | H4: ='Segment C'!I5 -> 868.33333 | I4: 1 | J4: =SegmentD!I6 -> 1018.75 | K4: 2 | L4: =SegmentE!I50 -> 1364 | M4: 3 | N4: =SegmentF!I4 -> 1549.5 | O4: 4 | P4: V0101010101;V0101010102;V0101010103 | Q4: V0101010101;V0101010102;V0101010103 | R4: V0101010101;V0101010102;V0101010103 | S4: V0101010101;V0101010102;V0101010103 | T4: V0101010104 | U4: V0101010104 | V4: V0101010104 | W4: V0101010104 | X4: V0101010105 | Y4: V0101010105 | Z4: V0101010105 | AA4: V0101010105 | AB4: V0101010106 | AC4: V0101010106 | AD4: V0101010106 | AE4: V0101010106
A5: 1978 | B5: =AVERAGE(F5,H5,J5,L5,N5) -> 1108.3667 | C5: 2 | E5: 1 | F5: =SegmentB!I5 -> 741.25 | G5: 1 | H5: ='Segment C'!I6 -> 868.33333 | I5: 1 | J5: =SegmentD!I7 -> 1018.75 | K5: 2 | L5: =SegmentE!I51 -> 1364 | M5: 3 | N5: =SegmentF!I5 -> 1549.5 | O5: 4 | P5: V0101010101;V0101010102;V0101010103 | Q5: V0101010101;V0101010102;V0101010103 | R5: V0101010101;V0101010102;V0101010103 | S5: V0101010101;V0101010102;V0101010103 | T5: V0101010104 | U5: V0101010104 | V5: V0101010104 | W5: V0101010104 | X5: V0101010105 | Y5: V0101010105 | Z5: V0101010105 | AA5: V0101010105 | AB5: V0101010106 | AC5: V0101010106 | AD5: V0101010106 | AE5: V0101010106
A6: 1979 | B6: =AVERAGE(F6,H6,J6,L6,N6) -> 1108.3667 | C6: 2 | E6: 1 | F6: =SegmentB!I6 -> 741.25 | G6: 1 | H6: ='Segment C'!I7 -> 868.33333 | I6: 1 | J6: =SegmentD!I8 -> 1018.75 | K6: 2 | L6: =SegmentE!I52 -> 1364 | M6: 3 | N6: =SegmentF!I6 -> 1549.5 | O6: 4 | P6: V0101010101;V0101010102;V0101010103 | Q6: V0101010101;V0101010102;V0101010103 | R6: V0101010101;V0101010102;V0101010103 | S6: V0101010101;V0101010102;V0101010103 | T6: V0101010104 | U6: V0101010104 | V6: V0101010104 | W6: V0101010104 | X6: V0101010105 | Y6: V0101010105 | Z6: V0101010105 | AA6: V0101010105 | AB6: V0101010106 | AC6: V0101010106 | AD6: V0101010106 | AE6: V0101010106
A7: 1980 | B7: =AVERAGE(F7,H7,J7,L7,N7) -> 1113.8 | C7: 2 | E7: 1 | F7: =SegmentB!I7 -> 741.25 | G7: 1 | H7: ='Segment C'!I8 -> 872.5 | I7: 1 | J7: =SegmentD!I9 -> 1073.75 | K7: 2 | L7: =SegmentE!I53 -> 1332 | M7: 3 | N7: =SegmentF!I7 -> 1549.5 | O7: 4 | P7: V0101010101;V0101010102;V0101010103 | Q7: V0101010101;V0101010102;V0101010103 | R7: V0101010101;V0101010102;V0101010103 | S7: V0101010101;V0101010102;V0101010103 | T7: V0101010104 | U7: V0101010104 | V7: V0101010104 | W7: V0101010104 | X7: V0101010105 | Y7: V0101010105 | Z7: V0101010105 | AA7: V0101010105 | AB7: V0101010106 | AC7: V0101010106 | AD7: V0101010106 | AE7: V0101010106
A8: 1981 | B8: =AVERAGE(F8,H8,J8,L8,N8) -> 1122.3 | C8: 2 | E8: 1 | F8: =SegmentB!I8 -> 783.75 | G8: 1 | H8: ='Segment C'!I9 -> 872.5 | I8: 1 | J8: =SegmentD!I10 -> 1073.75 | K8: 2 | L8: =SegmentE!I54 -> 1332 | M8: 3 | N8: =SegmentF!I8 -> 1549.5 | O8: 4 | P8: V0101010101;V0101010102;V0101010103 | Q8: V0101010101;V0101010102;V0101010103 | R8: V0101010101;V0101010102;V0101010103 | S8: V0101010101;V0101010102;V0101010103 | T8: V0101010104 | U8: V0101010104 | V8: V0101010104 | W8: V0101010104 | X8: V0101010105 | Y8: V0101010105 | Z8: V0101010105 | AA8: V0101010105 | AB8: V0101010106 | AC8: V0101010106 | AD8: V0101010106 | AE8: V0101010106
A9: 1982 | B9: =AVERAGE(F9,H9,J9,L9,N9) -> 1144.6 | C9: 2 | E9: 1 | F9: =SegmentB!I9 -> 783.75 | G9: 1 | H9: ='Segment C'!I10 -> 872.5 | I9: 1 | J9: =SegmentD!I11 -> 1093.75 | K9: 2 | L9: =SegmentE!I55 -> 1423.5 | M9: 3 | N9: =SegmentF!I9 -> 1549.5 | O9: 4 | P9: V0101010101;V0101010102;V0101010103 | Q9: V0101010101;V0101010102;V0101010103 | R9: V0101010101;V0101010102;V0101010103 | S9: V0101010101;V0101010102;V0101010103 | T9: V0101010104 | U9: V0101010104 | V9: V0101010104 | W9: V0101010104 | X9: V0101010105 | Y9: V0101010105 | Z9: V0101010105 | AA9: V0101010105 | AB9: V0101010106 | AC9: V0101010106 | AD9: V0101010106 | AE9: V0101010106
A10: 1983 | B10: =AVERAGE(F10,H10,J10,L10,N10) -> 1161.2667 | C10: 2 | E10: 1 | F10: =SegmentB!I10 -> 788.75 | G10: 1 | H10: ='Segment C'!I11 -> 950.83333 | I10: 1 | J10: =SegmentD!I12 -> 1093.75 | K10: 2 | L10: =SegmentE!I56 -> 1423.5 | M10: 3 | N10: =SegmentF!I10 -> 1549.5 | O10: 4 | P10: V0101010101;V0101010102;V0101010103 | Q10: V0101010101;V0101010102;V0101010103 | R10: V0101010101;V0101010102;V0101010103 | S10: V0101010101;V0101010102;V0101010103 | T10: V0101010104 | U10: V0101010104 | V10: V0101010104 | W10: V0101010104 | X10: V0101010105 | Y10: V0101010105 | Z10: V0101010105 | AA10: V0101010105 | AB10: V0101010106 | AC10: V0101010106 | AD10: V0101010106 | AE10: V0101010106
A11: 1984 | B11: =AVERAGE(F11,H11,J11,L11,N11) -> 1161.2667 | C11: 2 | E11: 1 | F11: =SegmentB!I11 -> 788.75 | G11: 1 | H11: ='Segment C'!I12 -> 950.83333 | I11: 1 | J11: =SegmentD!I13 -> 1093.75 | K11: 2 | L11: =SegmentE!I57 -> 1423.5 | M11: 3 | N11: =SegmentF!I11 -> 1549.5 | O11: 4 | P11: V0101010101;V0101010102;V0101010103 | Q11: V0101010101;V0101010102;V0101010103 | R11: V0101010101;V0101010102;V0101010103 | S11: V0101010101;V0101010102;V0101010103 | T11: V0101010104 | U11: V0101010104 | V11: V0101010104 | W11: V0101010104 | X11: V0101010105 | Y11: V0101010105 | Z11: V0101010105 | AA11: V0101010105 | AB11: V0101010106 | AC11: V0101010106 | AD11: V0101010106 | AE11: V0101010106
A12: 1985 | B12: =AVERAGE(F12,H12,J12,L12,N12) -> 1158.2667 | C12: 2 | E12: 1 | F12: =SegmentB!I12 -> 788.75 | G12: 1 | H12: ='Segment C'!I13 -> 935.83333 | I12: 1 | J12: =SegmentD!I14 -> 1093.75 | K12: 2 | L12: =SegmentE!I58 -> 1423.5 | M12: 3 | N12: =SegmentF!I12 -> 1549.5 | O12: 4 | P12: V0101010101;V0101010102;V0101010103 | Q12: V0101010101;V0101010102;V0101010103 | R12: V0101010101;V0101010102;V0101010103 | S12: V0101010101;V0101010102;V0101010103 | T12: V0101010104 | U12: V0101010104 | V12: V0101010104 | W12: V0101010104 | X12: V0101010105 | Y12: V0101010105 | Z12: V0101010105 | AA12: V0101010105 | AB12: V0101010106 | AC12: V0101010106 | AD12: V0101010106 | AE12: V0101010106
A13: 1986 | B13: =AVERAGE(F13,H13,J13,L13,N13) -> 1182.9667 | C13: 2 | E13: 1 | F13: =SegmentB!I13 -> 788.75 | G13: 1 | H13: ='Segment C'!I14 -> 935.83333 | I13: 1 | J13: =SegmentD!I15 -> 1093.75 | K13: 2 | L13: =SegmentE!I59 -> 1547 | M13: 4 | N13: =SegmentF!I13 -> 1549.5 | O13: 4 | P13: V0101010101;V0101010102;V0101010103 | Q13: V0101010101;V0101010102;V0101010103 | R13: V0101010101;V0101010102;V0101010103 | S13: V0101010101;V0101010102;V0101010103 | T13: V0101010104 | U13: V0101010104 | V13: V0101010104 | W13: V0101010104 | X13: V0101010105 | Y13: V0101010105 | Z13: V0101010105 | AA13: V0101010105 | AB13: V0101010106;V0101010105 | AC13: V0101010106;V0101010105 | AD13: V0101010106;V0101010105 | AE13: V0101010106;V0101010105
A14: 1987 | B14: =AVERAGE(F14,H14,J14,L14,N14) -> 1238.0667 | C14: 2 | E14: 1 | F14: =SegmentB!I14 -> 788.75 | G14: 1 | H14: ='Segment C'!I15 -> 935.83333 | I14: 1 | J14: =SegmentD!I16 -> 1093.75 | K14: 2 | L14: =SegmentE!I60 -> 1547 | M14: 4 | N14: =SegmentF!I14 -> 1825 | O14: 4 | P14: V0101010101;V0101010102;V0101010103 | Q14: V0101010101;V0101010102;V0101010103 | R14: V0101010101;V0101010102;V0101010103 | S14: V0101010101;V0101010102;V0101010103 | T14: V0101010104 | U14: V0101010104 | V14: V0101010104 | W14: V0101010104 | X14: V0101010105 | Y14: V0101010105 | Z14: V0101010105 | AA14: V0101010105 | AB14: V0101010106;V0101010105 | AC14: V0101010106;V0101010105 | AD14: V0101010106;V0101010105 | AE14: V0101010106;V0101010105
... A24: 1997 | B24: =AVERAGE(F24,H24,J24,L24,N24) -> 1384.3167 | C24: 3 | E24: 1 | F24: =SegmentB!I24 -> 896.5 | G24: 1 | H24: ='Segment C'!I25 -> 1191.1667 | I24: 2 | J24: =SegmentD!I26 -> 1357.6667 | K24: 3 | L24: =SegmentE!I70 -> 1578.75 | M24: 4 | N24: =SegmentF!I24 -> 1897.5 | O24: 4 | P24: V0101010101;V0101010102 | Q24: V0101010101;V0101010102 | R24: V0101010101;V0101010102 | S24: V0101010101;V0101010102 | T24: V0101010103 | U24: V0101010103 | V24: V0101010103 | W24: V0101010103 | X24: V0101010104 | Y24: V0101010104 | Z24: V0101010104 | AA24: V0101010104 | AB24: V0101010106;V0101010105 | AC24: V0101010106;V0101010105 | AD24: V0101010106;V0101010105 | AE24: V0101010106;V0101010105
A25: 1998 | B25: =AVERAGE(F25,H25,J25,L25,N25) -> 1417.8167 | C25: 3 | E25: 1 | F25: =SegmentB!I25 -> 1064 | G25: 2 | H25: ='Segment C'!I26 -> 1191.1667 | I25: 2 | J25: =SegmentD!I27 -> 1357.6667 | K25: 3 | L25: =SegmentE!I71 -> 1578.75 | M25: 4 | N25: =SegmentF!I25 -> 1897.5 | O25: 4 | P25: V0101010101 | Q25: V0101010101 | R25: V0101010101 | S25: V0101010101;V0101010103 | T25: V0101010103;V0101010102 | U25: V0101010103;V0101010102 | V25: V0101010103;V0101010102 | W25: V0101010103;V0101010102 | X25: V0101010104 | Y25: V0101010104 | Z25: V0101010104 | AA25: V0101010104 | AB25: V0101010106;V0101010105 | AC25: V0101010106;V0101010105 | AD25: V0101010106;V0101010105 | AE25: V0101010106;V0101010105 | AQ25: V0401010000;V0401010101;V04010100102;V0401010103;V0401010104;V0401010105;V0401010106;V0401010201;V0401010202;V0401010203;V0401010204;V0401010205;V0401010206 | AR25: V0401010101 | AS25: V0401010102;V0401010103 | AT25: V0401010104 | AU25: V0401010105;V0401010106 | AV25: V0401010101 | AW25: V0401010102;V0401010103 | AX25: V0401010104 | AY25: V0401010105;V0401010106 | AZ25: V0401010101 | BA25: V0401010102;V0401010103 | BB25: V0401010104;V0401010204 | BC25: V0401010105;V0401010106;V0401010205;V0401010206
A26: 1999 | B26: =AVERAGE(F26,H26,J26,L26,N26) -> 1435.1 | C26: 3 | E26: 1 | F26: =SegmentB!I26 -> 1101.25 | G26: 2 | H26: ='Segment C'!I27 -> 1180.3333 | I26: 2 | J26: =SegmentD!I28 -> 1417.6667 | K26: 3 | L26: =SegmentE!I72 -> 1578.75 | M26: 4 | N26: =SegmentF!I26 -> 1897.5 | O26: 4 | P26: V0101010101 | Q26: V0101010101 | R26: V0101010101 | S26: V0101010101 | T26: V0101010103;V0101010102 | U26: V0101010103;V0101010102 | V26: V0101010103;V0101010102 | W26: V0101010103;V0101010102 | X26: V0101010104 | Y26: V0101010104 | Z26: V0101010104 | AA26: V0101010104 | AB26: V0101010106;V0101010105 | AC26: V0101010106;V0101010105 | AD26: V0101010106;V0101010105 | AE26: V0101010106;V0101010105 | AQ26: V0401010000;V0401010101;V04010100102;V0401010103;V0401010104;V0401010105;V0401010106;V0401010201;V0401010202;V0401010203;V0401010204;V0401010205;V0401010206 | AR26: V0401010101 | AS26: V0401010102;V0401010103 | AT26: V0401010104 | AU26: V0401010105;V0401010106 | AV26: V0401010101 | AW26: V0401010102;V0401010103 | AX26: V0401010104 | AY26: V0401010105;V0401010106 | AZ26: V0401010101 | BA26: V0401010102;V0401010103 | BB26: V0401010104;V0401010204 | BC26: V0401010105;V0401010106;V0401010205;V0401010206
A27: 2000 | B27: =AVERAGE(F27,H27,J27,L27,N27) -> 1466.25 | C27: 3 | E27: 1 | F27: =SegmentB!I27 -> 1101.25 | G27: 2 | H27: ='Segment C'!I28 -> 1180.3333 | I27: 2 | J27: =SegmentD!I29 -> 1417.6667 | K27: 3 | L27: =SegmentE!I73 -> 1734.5 | M27: 4 | N27: =SegmentF!I27 -> 1897.5 | O27: 4 | P27: V0101010101 | Q27: V0101010101 | R27: V0101010101 | S27: V0101010101 | T27: V0101010103;V0101010102 | U27: V0101010103;V0101010102 | V27: V0101010103;V0101010102 | W27: V0101010103;V0101010102 | X27: V0101010104 | Y27: V0101010104 | Z27: V0101010104 | AA27: V0101010104 | AB27: V0101010106;V0101010105 | AC27: V0101010106;V0101010105 | AD27: V0101010106;V0101010105 | AE27: V0101010106;V0101010105 | AQ27: V0401010000;V0401010101;V04010100102;V0401010103;V0401010104;V0401010105;V0401010106;V0401010201;V0401010202;V0401010203;V0401010204;V0401010205;V0401010206 | AR27: V0401010101 | AS27: V0401010102;V0401010103 | AT27: V0401010104 | AU27: V0401010105;V0401010106 | AV27: V0401010101 | AW27: V0401010102;V0401010103 | AX27: V0401010104 | AY27: V0401010105;V0401010106 | AZ27: V0401010101 | BA27: V0401010102;V0401010103 | BB27: V0401010104;V0401010204 | BC27: V0401010105;V0401010106;V0401010205;V0401010206
A28: 2001 | B28: =AVERAGE(F28,H28,J28,L28,N28) -> 1486.65 | C28: 3 | E28: 1 | F28: =SegmentB!I28 -> 1101.25 | G28: 2 | H28: ='Segment C'!I29 -> 1304.8333 | I28: 3 | J28: =SegmentD!I30 -> 1417.6667 | K28: 3 | L28: =SegmentE!I74 -> 1734.5 | M28: 4 | N28: =SegmentF!I28 -> 1875 | O28: 4 | P28: V0101010101 | Q28: V0101010101 | R28: V0101010101 | S28: V0101010101 | T28: V0101010102 | U28: V0101010102 | V28: V0101010102 | W28: V0101010102 | X28: V0101010104;V0101010103 | Y28: V0101010104;V0101010103 | Z28: V0101010104;V0101010103 | AA28: V0101010104;V0101010103 | AB28: V0101010106;V0101010105 | AC28: V0101010106;V0101010105 | AD28: V0101010106;V0101010105 | AE28: V0101010106;V0101010105 | AQ28: V0401010000;V0401010101;V04010100102;V0401010103;V0401010104;V0401010105;V0401010106;V0401010201;V0401010202;V0401010203;V0401010204;V0401010205;V0401010206 | AR28: V0401010101 | AS28: V0401010102;V0401010103 | AT28: V0401010104 | AU28: V0401010105;V0401010106 | AV28: V0401010101 | AW28: V0401010102;V0401010103 | AX28: V0401010104 | AY28: V0401010105;V0401010106 | AZ28: V0401010101 | BA28: V0401010102;V0401010103 | BB28: V0401010104;V0401010204 | BC28: V0401010105;V0401010106;V0401010205;V0401010206
A29: 2002 | B29: =AVERAGE(F29,H29,J29,L29,N29) -> 1486.65 | C29: 3 | E29: 1 | F29: =SegmentB!I29 -> 1101.25 | G29: 2 | H29: ='Segment C'!I30 -> 1304.8333 | I29: 3 | J29: =SegmentD!I31 -> 1417.6667 | K29: 3 | L29: =SegmentE!I75 -> 1734.5 | M29: 4 | N29: =SegmentF!I29 -> 1875 | O29: 4 | P29: V0101010101 | Q29: V0101010101 | R29: V0101010101 | S29: V0101010101 | T29: V0101010102 | U29: V0101010102 | V29: V0101010102 | W29: V0101010102 | X29: V0101010104;V0101010103 | Y29: V0101010104;V0101010103 | Z29: V0101010104;V0101010103 | AA29: V0101010104;V0101010103 | AB29: V0101010106;V0101010105 | AC29: V0101010106;V0101010105 | AD29: V0101010106;V0101010105 | AE29: V0101010106;V0101010105 | AQ29: V0401010000;V0401010101;V04010100102;V0401010103;V0401010104;V0401010105;V0401010106;V0401010201;V0401010202;V0401010203;V0401010204;V0401010205;V0401010206 | AR29: V0401010101 | AS29: V0401010102;V0401010103 | AT29: V0401010104 | AU29: V0401010105;V0401010106 | AV29: V0401010101 | AW29: V0401010102;V0401010103 | AX29: V0401010104 | AY29: V0401010105;V0401010106 | AZ29: V0401010101 | BA29: V0401010102;V0401010103 | BB29: V0401010104;V0401010204 | BC29: V0401010105;V0401010106;V0401010205;V0401010206
A30: 2003 | B30: =AVERAGE(F30,H30,J30,L30,N30) -> 1493.9167 | C30: 3 | E30: 1 | F30: =SegmentB!I30 -> 1101.25 | G30: 2 | H30: ='Segment C'!I31 -> 1341.1667 | I30: 3 | J30: =SegmentD!I32 -> 1417.6667 | K30: 3 | L30: =SegmentE!I76 -> 1734.5 | M30: 4 | N30: =SegmentF!I30 -> 1875 | O30: 4 | P30: V0101010101 | Q30: V0101010101 | R30: V0101010101 | S30: V0101010101 | T30: V0101010102 | U30: V0101010102 | V30: V0101010102 | W30: V0101010102 | X30: V0101010104;V0101010103 | Y30: V0101010104;V0101010103 | Z30: V0101010104;V0101010103 | AA30: V0101010104;V0101010103 | AB30: V0101010106;V0101010105 | AC30: V0101010106;V0101010105 | AD30: V0101010106;V0101010105 | AE30: V0101010106;V0101010105 | AQ30: V0401010000;V0401010101;V04010100102;V0401010103;V0401010104;V0401010105;V0401010106;V0401010201;V0401010202;V0401010203;V0401010204;V0401010205;V0401010206 | AR30: V0401010101 | AS30: V0401010102;V0401010103 | AT30: V0401010104 | AU30: V0401010105;V0401010106 | AV30: V0401010101 | AW30: V0401010102;V0401010103 | AX30: V0401010104 | AY30: V0401010105;V0401010106 | AZ30: V0401010101 | BA30: V0401010102;V0401010103 | BB30: V0401010104;V0401010204 | BC30: V0401010105;V0401010106;V0401010205;V0401010206
A31: 2004 | B31: =AVERAGE(F31,H31,J31,L31,N31) -> 1486.1667 | C31: 3 | E31: 1 | F31: =SegmentB!I31 -> 1101.25 | G31: 2 | H31: ='Segment C'!I32 -> 1341.1667 | I31: 3 | J31: =SegmentD!I33 -> 1417.6667 | K31: 3 | L31: =SegmentE!I77 -> 1695.75 | M31: 4 | N31: =SegmentF!I31 -> 1875 | O31: 4 | P31: V0101010101 | Q31: V0101010101 | R31: V0101010101 | S31: V0101010101 | T31: V0101010102 | U31: V0101010102 | V31: V0101010102 | W31: V0101010102 | X31: V0101010104;V0101010103 | Y31: V0101010104;V0101010103 | Z31: V0101010104;V0101010103 | AA31: V0101010104;V0101010103 | AB31: V0101010106;V0101010105 | AC31: V0101010106;V0101010105 | AD31: V0101010106;V0101010105 | AE31: V0101010106;V0101010105 | AQ31: V0401010000;V0401010101;V04010100102;V0401010103;V0401010104;V0401010105;V0401010106;V0401010201;V0401010202;V0401010203;V0401010204;V0401010205;V0401010206 | AR31: V0401010101 | AS31: V0401010102;V0401010103 | AT31: V0401010104 | AU31: V0401010105;V0401010106 | AV31: V0401010101 | AW31: V0401010102;V0401010103 | AX31: V0401010104 | AY31: V0401010105;V0401010106 | AZ31: V0401010101 | BA31: V0401010102;V0401010103 | BB31: V0401010104;V0401010204 | BC31: V0401010105;V0401010106;V0401010205;V0401010206
A32: 2005 | B32: =AVERAGE(F32,H32,J32,L32,N32) -> 1518.3 | C32: 4 | E32: 1 | F32: =SegmentB!I32 -> 1101.25 | G32: 2 | H32: ='Segment C'!I33 -> 1341.1667 | I32: 3 | J32: =SegmentD!I34 -> 1578.3333 | K32: 4 | L32: =SegmentE!I78 -> 1695.75 | M32: 4 | N32: =SegmentF!I32 -> 1875 | O32: 4 | P32: V0101010101 | Q32: V0101010101 | R32: V0101010101 | S32: V0101010101 | T32: V0101010102 | U32: V0101010102 | V32: V0101010102 | W32: V0101010102 | X32: V0101010103 | Y32: V0101010103 | Z32: V0101010103 | AA32: V0101010103 | AB32: V0101010106;V0101010105;V0101010104 | AC32: V0101010106;V0101010105;V0101010104 | AD32: V0101010106;V0101010105;V0101010104 | AE32: V0101010106;V0101010105;V0101010104 | AQ32: V0401010000;V0401010101;V04010100102;V0401010103;V0401010104;V0401010105;V0401010106;V0401010201;V0401010202;V0401010203;V0401010204;V0401010205;V0401010206 | AR32: V0401010101 | AS32: V0401010102;V0401010103 | AT32: V0401010104 | AU32: V0401010104;V0401010105;V0401010106 | AV32: V0401010101 | AW32: V0401010102;V0401010103 | AX32: V0401010104 | AY32: V0401010104;V0401010105;V0401010106 | AZ32: V0401010101 | BA32: V0401010102;V0401010103 | BB32: V0401010104;V0401010204 | BC32: V0401010104;V0401010105;V0401010106;V0401010204;V0401010205;V0401010206
A33: 2006 | B33: =AVERAGE(F33,H33,J33,L33,N33) -> 1541.2 | C33: 4 | E33: 1 | F33: =SegmentB!I33 -> 1185.75 | G33: 2 | H33: ='Segment C'!I34 -> 1341.1667 | I33: 3 | J33: =SegmentD!I35 -> 1608.3333 | K33: 4 | L33: =SegmentE!I79 -> 1695.75 | M33: 4 | N33: =SegmentF!I33 -> 1875 | O33: 4 | P33: V0101010101 | Q33: V0101010101 | R33: V0101010101 | S33: V0101010101 | T33: V0101010102 | U33: V0101010102 | V33: V0101010102 | W33: V0101010102 | X33: V0101010103 | Y33: V0101010103 | Z33: V0101010103 | AA33: V0101010103 | AB33: V0101010106;V0101010105;V0101010104 | AC33: V0101010106;V0101010105;V0101010104 | AD33: V0101010106;V0101010105;V0101010104 | AE33: V0101010106;V0101010105;V0101010104 | AQ33: V0401010000;V0401010101;V04010100102;V0401010103;V0401010104;V0401010105;V0401010106;V0401010201;V0401010202;V0401010203;V0401010204;V0401010205;V0401010206 | AR33: V0401010101 | AS33: V0401010102;V0401010103 | AT33: V0401010104 | AU33: V0401010104;V0401010105;V0401010106 | AV33: V0401010101 | AW33: V0401010102;V0401010103 | AX33: V0401010104 | AY33: V0401010104;V0401010105;V0401010106 | AZ33: V0401010101 | BA33: V0401010102;V0401010103 | BB33: V0401010104;V0401010204 | BC33: V0401010104;V0401010105;V0401010106;V0401010204;V0401010205;V0401010206
A34: 2007 | B34: =AVERAGE(F34,H34,J34,L34,N34) -> 1551.5333 | C34: 4 | E34: 1 | F34: =SegmentB!I34 -> 1185.75 | G34: 2 | H34: ='Segment C'!I35 -> 1392.8333 | I34: 3 | J34: =SegmentD!I36 -> 1608.3333 | K34: 4 | L34: =SegmentE!I80 -> 1695.75 | M34: 4 | N34: =SegmentF!I34 -> 1875 | O34: 4 | P34: V0101010101 | Q34: V0101010101 | R34: V0101010101 | S34: V0101010101 | T34: V0101010102 | U34: V0101010102 | V34: V0101010102 | W34: V0101010102 | X34: V0101010103 | Y34: V0101010103 | Z34: V0101010103 | AA34: V0101010103 | AB34: V0101010106;V0101010105;V0101010104 | AC34: V0101010106;V0101010105;V0101010104 | AD34: V0101010106;V0101010105;V0101010104 | AE34: V0101010106;V0101010105;V0101010104 | AQ34: V0401010000;V0401010101;V04010100102;V0401010103;V0401010104;V0401010105;V0401010106;V0401010201;V0401010202;V0401010203;V0401010204;V0401010205;V0401010206 | AR34: V0401010101 | AS34: V0401010102;V0401010103 | AT34: V0401010104 | AU34: V0401010104;V0401010105;V0401010106 | AV34: V0401010101 | AW34: V0401010102;V0401010103 | AX34: V0401010104 | AY34: V0401010104;V0401010105;V0401010106 | AZ34: V0401010101 | BA34: V0401010102;V0401010103 | BB34: V0401010104;V0401010204 | BC34: V0401010104;V0401010105;V0401010106;V0401010204;V0401010205;V0401010206
A35: 2008 | B35: =AVERAGE(F35,H35,J35,L35,N35) -> 1601.6667 | C35: 4 | E35: 1 | F35: =SegmentB!I35 -> 1185.75 | G35: 2 | H35: ='Segment C'!I36 -> 1404 | I35: 3 | J35: =SegmentD!I37 -> 1608.3333 | K35: 4 | L35: =SegmentE!I81 -> 1695.75 | M35: 4 | N35: =SegmentF!I35 -> 2114.5 | O35: 4 | P35: V0101010101 | Q35: V0101010101 | R35: V0101010101 | S35: V0101010101 | T35: V0101010102 | U35: V0101010102 | V35: V0101010102 | W35: V0101010102 | X35: V0101010103 | Y35: V0101010103 | Z35: V0101010103 | AA35: V0101010103 | AB35: V0101010106;V0101010105;V0101010104 | AC35: V0101010106;V0101010105;V0101010104 | AD35: V0101010106;V0101010105;V0101010104 | AE35: V0101010106;V0101010105;V0101010104 | AQ35: V0401010000;V0401010101;V04010100102;V0401010103;V0401010104;V0401010105;V0401010106;V0401010201;V0401010202;V0401010203;V0401010204;V0401010205;V0401010206 | AR35: V0401010101 | AS35: V0401010102;V0401010103 | AT35: V0401010104 | AU35: V0401010104;V0401010105;V0401010106 | AV35: V0401010101 | AW35: V0401010102;V0401010103 | AX35: V0401010104 | AY35: V0401010104;V0401010105;V0401010106 | AZ35: V0401010101 | BA35: V0401010102;V0401010103 | BB35: V0401010104;V0401010204 | BC35: V0401010104;V0401010105;V0401010106;V0401010204;V0401010205;V0401010206
A36: 2009 | B36: =AVERAGE(F36,H36,J36,L36,N36) -> 1610.8667 | C36: 4 | E36: 1 | F36: =SegmentB!I36 -> 1231.75 | G36: 2 | H36: ='Segment C'!I37 -> 1404 | I36: 3 | J36: =SegmentD!I38 -> 1608.3333 | K36: 4 | L36: =SegmentE!I82 -> 1695.75 | M36: 4 | N36: =SegmentF!I36 -> 2114.5 | O36: 4 | P36: V0101010101 | Q36: V0101010101 | R36: V0101010101 | S36: V0101010101 | T36: V0101010102 | U36: V0101010102 | V36: V0101010102 | W36: V0101010102 | X36: V0101010103 | Y36: V0101010103 | Z36: V0101010103 | AA36: V0101010103 | AB36: V0101010106;V0101010105;V0101010104 | AC36: V0101010106;V0101010105;V0101010104 | AD36: V0101010106;V0101010105;V0101010104 | AE36: V0101010106;V0101010105;V0101010104 | AQ36: V0401010000;V0401010101;V04010100102;V0401010103;V0401010104;V0401010105;V0401010106;V0401010201;V0401010202;V0401010203;V0401010204;V0401010205;V0401010206 | AR36: V0401010101 | AS36: V0401010102;V0401010103 | AT36: V0401010104 | AU36: V0401010104;V0401010105;V0401010106 | AV36: V0401010101 | AW36: V0401010102;V0401010103 | AX36: V0401010104 | AY36: V0401010104;V0401010105;V0401010106 | AZ36: V0401010101 | BA36: V0401010102;V0401010103 | BB36: V0401010104;V0401010204 | BC36: V0401010104;V0401010105;V0401010106;V0401010204;V0401010205;V0401010206
A37: 2010 | B37: =AVERAGE(F37,H37,J37,L37,N37) -> 1622.5667 | C37: 4 | E37: 1 | F37: =SegmentB!I37 -> 1231.75 | G37: 2 | H37: ='Segment C'!I38 -> 1404 | I37: 3 | J37: =SegmentD!I39 -> 1628.8333 | K37: 4 | L37: =SegmentE!I83 -> 1733.75 | M37: 4 | N37: =SegmentF!I37 -> 2114.5 | O37: 4 | P37: V0101010101 | Q37: V0101010101 | R37: V0101010101 | S37: V0101010101 | T37: V0101010102 | U37: V0101010102 | V37: V0101010102 | W37: V0101010102 | X37: V0101010103 | Y37: V0101010103 | Z37: V0101010103 | AA37: V0101010103 | AB37: V0101010106;V0101010105;V0101010104 | AC37: V0101010106;V0101010105;V0101010104 | AD37: V0101010106;V0101010105;V0101010104 | AE37: V0101010106;V0101010105;V0101010104 | AG37: V0301030000;V0301030101;V0301030102;V0301030103;V0301030104;V0301030105;V0301030106;V0301030201;V0301030202;V0301030203;V0301030204;V0301030205;V0301030206 | AH37: V0301030101;V0301030201 | AI37: V0301030101;V0301030201 | AJ37: V0301030102;V0301030202 | AK37: V0301030102;V0301030103;V0301030104;V0301030105;V0301030106;V0301030202;V0301030203;V0301030204;V0301030205;V0301030206 | AL37: V0301030000;V0301030101;V0301030102;V0301030103;V0301030104;V0301030105;V0301030106;V0301030201;V0301030202;V0301030203;V0301030204;V0301030205;V0301030206 | AM37: V0301030101;V0301030201 | AN37: V0301030101;V0301030201 | AO37: V0301030102;V0301030202 | AP37: V0301030102;V0301030103;V0301030104;V0301030105;V0301030106;V0301030202;V0301030203;V0301030204;V0301030205;V0301030206 | AQ37: V0401010000;V0401010101;V04010100102;V0401010103;V0401010104;V0401010105;V0401010106;V0401010201;V0401010202;V0401010203;V0401010204;V0401010205;V0401010206 | AR37: V0401010101 | AS37: V0401010102;V0401010103 | AT37: V0401010104 | AU37: V0401010104;V0401010105;V0401010106 | AV37: V0401010101 | AW37: V0401010102;V0401010103 | AX37: V0401010104 | AY37: V0401010104;V0401010105;V0401010106 | AZ37: V0401010101;V0401010201 | BA37: V0401010102;V0401010103;V0401010202;V0401010203 | BB37: V0401010104;V0401010204 | BC37: V0401010104;V0401010105;V0401010106;V0401010204;V0401010205;V0401010206 | BD37: V0501030000;V0501030101;V05010300102;V0501010303;V0501030104;V0501030105;V0501030106;V0501030201;V0501030202;V0501030203;V0501030204;V0501030205;V0501030206 | BE37: V0501030101 | BF37: V0501030102;V0501030103 | BG37: V0501030104 | BH37: V0501030104;V0501030105;V0501030106 | BI37: V0501030101 | BJ37: V0501030102;V0501030103 | BK37: V0501030104 | BL37: V0501030104;V0501030105;V0501030106 | BM37: V0501030101;V0501030201 | BN37: V0501030102;V0501030103;V0501030202;V0501030203 | BO37: V0501030104;V0501030204 | BP37: V0501030104;V0501030105;V0501030106;V0501030204;V0501030205;V0501030206
A38: 2011 | B38: =AVERAGE(F38,H38,J38,L38,N38) -> 1622.5667 | C38: 4 | E38: 1 | F38: =SegmentB!I38 -> 1231.75 | G38: 2 | H38: ='Segment C'!I39 -> 1404 | I38: 3 | J38: =SegmentD!I40 -> 1628.8333 | K38: 4 | L38: =SegmentE!I84 -> 1733.75 | M38: 4 | N38: =SegmentF!I38 -> 2114.5 | O38: 4 | P38: V0101010101 | Q38: V0101010101 | R38: V0101010101 | S38: V0101010101 | T38: V0101010102 | U38: V0101010102 | V38: V0101010102 | W38: V0101010102 | X38: V0101010103 | Y38: V0101010103 | Z38: V0101010103 | AA38: V0101010103 | AB38: V0101010106;V0101010105;V0101010104 | AC38: V0101010106;V0101010105;V0101010104 | AD38: V0101010106;V0101010105;V0101010104 | AE38: V0101010106;V0101010105;V0101010104 | AG38: V0301030000;V0301030101;V0301030102;V0301030103;V0301030104;V0301030105;V0301030106;V0301030201;V0301030202;V0301030203;V0301030204;V0301030205;V0301030206 | AH38: V0301030101;V0301030201 | AI38: V0301030101;V0301030201 | AJ38: V0301030102;V0301030202 | AK38: V0301030102;V0301030103;V0301030104;V0301030105;V0301030106;V0301030202;V0301030203;V0301030204;V0301030205;V0301030206 | AL38: V0301030000;V0301030101;V0301030102;V0301030103;V0301030104;V0301030105;V0301030106;V0301030201;V0301030202;V0301030203;V0301030204;V0301030205;V0301030206 | AM38: V0301030101;V0301030201 | AN38: V0301030101;V0301030201 | AO38: V0301030102;V0301030202 | AP38: V0301030102;V0301030103;V0301030104;V0301030105;V0301030106;V0301030202;V0301030203;V0301030204;V0301030205;V0301030206 | AQ38: V0401010000;V0401010101;V04010100102;V0401010103;V0401010104;V0401010105;V0401010106;V0401010201;V0401010202;V0401010203;V0401010204;V0401010205;V0401010206 | AR38: V0401010101 | AS38: V0401010102;V0401010103 | AT38: V0401010104 | AU38: V0401010104;V0401010105;V0401010106 | AV38: V0401010101 | AW38: V0401010102;V0401010103 | AX38: V0401010104 | AY38: V0401010104;V0401010105;V0401010106 | AZ38: V0401010101;V0401010201 | BA38: V0401010102;V0401010103;V0401010202;V0401010203 | BB38: V0401010104;V0401010204 | BC38: V0401010104;V0401010105;V0401010106;V0401010204;V0401010205;V0401010206 | BD38: V0501030000;V0501030101;V05010300102;V0501010303;V0501030104;V0501030105;V0501030106;V0501030201;V0501030202;V0501030203;V0501030204;V0501030205;V0501030206 | BE38: V0501030101 | BF38: V0501030102;V0501030103 | BG38: V0501030104 | BH38: V0501030104;V0501030105;V0501030106 | BI38: V0501030101 | BJ38: V0501030102;V0501030103 | BK38: V0501030104 | BL38: V0501030104;V0501030105;V0501030106 | BM38: V0501030101;V0501030201 | BN38: V0501030102;V0501030103;V0501030202;V0501030203 | BO38: V0501030104;V0501030204 | BP38: V0501030104;V0501030105;V0501030106;V0501030204;V0501030205;V0501030206
A39: 2012 | B39: =AVERAGE(F39,H39,J39,L39,N39) -> 1605.2167 | C39: 4 | E39: 1 | F39: =SegmentB!I39 -> 1178 | G39: 2 | H39: ='Segment C'!I40 -> 1405.3333 | I39: 3 | J39: =SegmentD!I41 -> 1594.5 | K39: 4 | L39: =SegmentE!I85 -> 1733.75 | M39: 4 | N39: =SegmentF!I39 -> 2114.5 | O39: 4 | P39: V0101010101 | Q39: V0101010101 | R39: V0101010101 | S39: V0101010101 | T39: V0101010102 | U39: V0101010102 | V39: V0101010102 | W39: V0101010102 | X39: V0101010103 | Y39: V0101010103 | Z39: V0101010103 | AA39: V0101010103 | AB39: V0101010106;V0101010105;V0101010104 | AC39: V0101010106;V0101010105;V0101010104 | AD39: V0101010106;V0101010105;V0101010104 | AE39: V0101010106;V0101010105;V0101010104 | AG39: V0301030000;V0301030101;V0301030102;V0301030103;V0301030104;V0301030105;V0301030106;V0301030201;V0301030202;V0301030203;V0301030204;V0301030205;V0301030206 | AH39: V0301030101;V0301030201 | AI39: V0301030101;V0301030201 | AJ39: V0301030102;V0301030202 | AK39: V0301030102;V0301030103;V0301030104;V0301030105;V0301030106;V0301030202;V0301030203;V0301030204;V0301030205;V0301030206 | AL39: V0301030000;V0301030101;V0301030102;V0301030103;V0301030104;V0301030105;V0301030106;V0301030201;V0301030202;V0301030203;V0301030204;V0301030205;V0301030206 | AM39: V0301030101;V0301030201 | AN39: V0301030101;V0301030201 | AO39: V0301030102;V0301030202 | AP39: V0301030102;V0301030103;V0301030104;V0301030105;V0301030106;V0301030202;V0301030203;V0301030204;V0301030205;V0301030206 | AQ39: V0401010000;V0401010101;V04010100102;V0401010103;V0401010104;V0401010105;V0401010106;V0401010201;V0401010202;V0401010203;V0401010204;V0401010205;V0401010206 | AR39: V0401010101 | AS39: V0401010102;V0401010103 | AT39: V0401010104 | AU39: V0401010104;V0401010105;V0401010106 | AV39: V0401010101 | AW39: V0401010102;V0401010103 | AX39: V0401010104 | AY39: V0401010104;V0401010105;V0401010106 | AZ39: V0401010101;V0401010201 | BA39: V0401010102;V0401010103;V0401010202;V0401010203 | BB39: V0401010104;V0401010204 | BC39: V0401010104;V0401010105;V0401010106;V0401010204;V0401010205;V0401010206 | BD39: V0501030000;V0501030101;V05010300102;V0501010303;V0501030104;V0501030105;V0501030106;V0501030201;V0501030202;V0501030203;V0501030204;V0501030205;V0501030206 | BE39: V0501030101 | BF39: V0501030102;V0501030103 | BG39: V0501030104 | BH39: V0501030104;V0501030105;V0501030106 | BI39: V0501030101 | BJ39: V0501030102;V0501030103 | BK39: V0501030104 | BL39: V0501030104;V0501030105;V0501030106 | BM39: V0501030101;V0501030201 | BN39: V0501030102;V0501030103;V0501030202;V0501030203 | BO39: V0501030104;V0501030204 | BP39: V0501030104;V0501030105;V0501030106;V0501030204;V0501030205;V0501030206
A40: 2013 | B40: =AVERAGE(F40,H40,J40,L40,N40) -> 1598.3167 | C40: 4 | E40: 1 | F40: =SegmentB!I40 -> 1178 | G40: 2 | H40: ='Segment C'!I41 -> 1370.8333 | I40: 3 | J40: =SegmentD!I42 -> 1594.5 | K40: 4 | L40: =SegmentE!I86 -> 1733.75 | M40: 4 | N40: =SegmentF!I40 -> 2114.5 | O40: 4 | P40: V0101010101 | Q40: V0101010101 | R40: V0101010101 | S40: V0101010101 | T40: V0101010102 | U40: V0101010102 | V40: V0101010102 | W40: V0101010102 | X40: V0101010103 | Y40: V0101010103 | Z40: V0101010103 | AA40: V0101010103 | AB40: V0101010106;V0101010105;V0101010104 | AC40: V0101010106;V0101010105;V0101010104 | AD40: V0101010106;V0101010105;V0101010104 | AE40: V0101010106;V0101010105;V0101010104 | AG40: V0301030000;V0301030101;V0301030102;V0301030103;V0301030104;V0301030105;V0301030106;V0301030201;V0301030202;V0301030203;V0301030204;V0301030205;V0301030206 | AH40: V0301030101;V0301030201 | AI40: V0301030101;V0301030201 | AJ40: V0301030102;V0301030202 | AK40: V0301030102;V0301030103;V0301030104;V0301030105;V0301030106;V0301030202;V0301030203;V0301030204;V0301030205;V0301030206 | AL40: V0301030000;V0301030101;V0301030102;V0301030103;V0301030104;V0301030105;V0301030106;V0301030201;V0301030202;V0301030203;V0301030204;V0301030205;V0301030206 | AM40: V0301030101;V0301030201 | AN40: V0301030101;V0301030201 | AO40: V0301030102;V0301030202 | AP40: V0301030102;V0301030103;V0301030104;V0301030105;V0301030106;V0301030202;V0301030203;V0301030204;V0301030205;V0301030206 | AQ40: V0401010000;V0401010101;V04010100102;V0401010103;V0401010104;V0401010105;V0401010106;V0401010201;V0401010202;V0401010203;V0401010204;V0401010205;V0401010206 | AR40: V0401010101 | AS40: V0401010102;V0401010103 | AT40: V0401010104 | AU40: V0401010104;V0401010105;V0401010106 | AV40: V0401010101 | AW40: V0401010102;V0401010103 | AX40: V0401010104 | AY40: V0401010104;V0401010105;V0401010106 | AZ40: V0401010101;V0401010201 | BA40: V0401010102;V0401010103;V0401010202;V0401010203 | BB40: V0401010104;V0401010204 | BC40: V0401010104;V0401010105;V0401010106;V0401010204;V0401010205;V0401010206 | BD40: V0501030000;V0501030101;V05010300102;V0501010303;V0501030104;V0501030105;V0501030106;V0501030201;V0501030202;V0501030203;V0501030204;V0501030205;V0501030206 | BE40: V0501030101 | BF40: V0501030102;V0501030103 | BG40: V0501030104 | BH40: V0501030104;V0501030105;V0501030106 | BI40: V0501030101 | BJ40: V0501030102;V0501030103 | BK40: V0501030104 | BL40: V0501030104;V0501030105;V0501030106 | BM40: V0501030101;V0501030201 | BN40: V0501030102;V0501030103;V0501030202;V0501030203 | BO40: V0501030104;V0501030204 | BP40: V0501030104;V0501030105;V0501030106;V0501030204;V0501030205;V0501030206
A41: 2014 | B41: =AVERAGE(F41,H41,J41,L41,N41) -> 1594.8167 | C41: 4 | E41: 1 | F41: =SegmentB!I41 -> 1178 | G41: 2 | H41: ='Segment C'!I42 -> 1370.8333 | I41: 3 | J41: =SegmentD!I43 -> 1577 | K41: 4 | L41: =SegmentE!I87 -> 1733.75 | M41: 4 | N41: =SegmentF!I41 -> 2114.5 | O41: 4 | P41: V0101010101 | Q41: V0101010101 | R41: V0101010101 | S41: V0101010101 | T41: V0101010102 | U41: V0101010102 | V41: V0101010102 | W41: V0101010102 | X41: V0101010103 | Y41: V0101010103 | Z41: V0101010103 | AA41: V0101010103 | AB41: V0101010106;V0101010105;V0101010104 | AC41: V0101010106;V0101010105;V0101010104 | AD41: V0101010106;V0101010105;V0101010104 | AE41: V0101010106;V0101010105;V0101010104 | AG41: V0301030000;V0301030101;V0301030102;V0301030103;V0301030104;V0301030105;V0301030106;V0301030201;V0301030202;V0301030203;V0301030204;V0301030205;V0301030206 | AH41: V0301030101;V0301030201 | AI41: V0301030101;V0301030201 | AJ41: V0301030102;V0301030202 | AK41: V0301030102;V0301030103;V0301030104;V0301030105;V0301030106;V0301030202;V0301030203;V0301030204;V0301030205;V0301030206 | AL41: V0301030000;V0301030101;V0301030102;V0301030103;V0301030104;V0301030105;V0301030106;V0301030201;V0301030202;V0301030203;V0301030204;V0301030205;V0301030206 | AM41: V0301030101;V0301030201 | AN41: V0301030101;V0301030201 | AO41: V0301030102;V0301030202 | AP41: V0301030102;V0301030103;V0301030104;V0301030105;V0301030106;V0301030202;V0301030203;V0301030204;V0301030205;V0301030206 | AQ41: V0401010000;V0401010101;V04010100102;V0401010103;V0401010104;V0401010105;V0401010106;V0401010201;V0401010202;V0401010203;V0401010204;V0401010205;V0401010206 | AR41: V0401010101 | AS41: V0401010102;V0401010103 | AT41: V0401010104 | AU41: V0401010104;V0401010105;V0401010106 | AV41: V0401010101 | AW41: V0401010102;V0401010103 | AX41: V0401010104 | AY41: V0401010104;V0401010105;V0401010106 | AZ41: V0401010101;V0401010201 | BA41: V0401010102;V0401010103;V0401010202;V0401010203 | BB41: V0401010104;V0401010204 | BC41: V0401010104;V0401010105;V0401010106;V0401010204;V0401010205;V0401010206 | BD41: V0501030000;V0501030101;V05010300102;V0501010303;V0501030104;V0501030105;V0501030106;V0501030201;V0501030202;V0501030203;V0501030204;V0501030205;V0501030206 | BE41: V0501030101 | BF41: V0501030102;V0501030103 | BG41: V0501030104 | BH41: V0501030104;V0501030105;V0501030106 | BI41: V0501030101 | BJ41: V0501030102;V0501030103 | BK41: V0501030104 | BL41: V0501030104;V0501030105;V0501030106 | BM41: V0501030101;V0501030201 | BN41: V0501030102;V0501030103;V0501030202;V0501030203 | BO41: V0501030104;V0501030204 | BP41: V0501030104;V0501030105;V0501030106;V0501030204;V0501030205;V0501030206
A42: 2015 | B42: =AVERAGE(F42,H42,J42,L42,N42) -> 1572.9167 | C42: 4 | E42: 1 | F42: =SegmentB!I42 -> 1178 | G42: 2 | H42: ='Segment C'!I43 -> 1370.8333 | I42: 3 | J42: =SegmentD!I44 -> 1577 | K42: 4 | L42: =SegmentE!I88 -> 1733.75 | M42: 4 | N42: =SegmentF!I42 -> 2005 | O42: 4 | P42: V0101010101 | Q42: V0101010101 | R42: V0101010101 | S42: V0101010101 | T42: V0101010102 | U42: V0101010102 | V42: V0101010102 | W42: V0101010102 | X42: V0101010103 | Y42: V0101010103 | Z42: V0101010103 | AA42: V0101010103 | AB42: V0101010106;V0101010105;V0101010104 | AC42: V0101010106;V0101010105;V0101010104 | AD42: V0101010106;V0101010105;V0101010104 | AE42: V0101010106;V0101010105;V0101010104 | AG42: V0301030000;V0301030101;V0301030102;V0301030103;V0301030104;V0301030105;V0301030106;V0301030201;V0301030202;V0301030203;V0301030204;V0301030205;V0301030206 | AH42: V0301030101;V0301030201 | AI42: V0301030101;V0301030201 | AJ42: V0301030102;V0301030202 | AK42: V0301030102;V0301030103;V0301030104;V0301030105;V0301030106;V0301030202;V0301030203;V0301030204;V0301030205;V0301030206 | AL42: V0301030000;V0301030101;V0301030102;V0301030103;V0301030104;V0301030105;V0301030106;V0301030201;V0301030202;V0301030203;V0301030204;V0301030205;V0301030206 | AM42: V0301030101;V0301030201 | AN42: V0301030101;V0301030201 | AO42: V0301030102;V0301030202 | AP42: V0301030102;V0301030103;V0301030104;V0301030105;V0301030106;V0301030202;V0301030203;V0301030204;V0301030205;V0301030206 | AQ42: V0401010000;V0401010101;V04010100102;V0401010103;V0401010104;V0401010105;V0401010106;V0401010201;V0401010202;V0401010203;V0401010204;V0401010205;V0401010206 | AR42: V0401010101 | AS42: V0401010102;V0401010103 | AT42: V0401010104 | AU42: V0401010104;V0401010105;V0401010106 | AV42: V0401010101 | AW42: V0401010102;V0401010103 | AX42: V0401010104 | AY42: V0401010104;V0401010105;V0401010106 | AZ42: V0401010101;V0401010201 | BA42: V0401010102;V0401010103;V0401010202;V0401010203 | BB42: V0401010104;V0401010204 | BC42: V0401010104;V0401010105;V0401010106;V0401010204;V0401010205;V0401010206 | BD42: V0501030000;V0501030101;V05010300102;V0501010303;V0501030104;V0501030105;V0501030106;V0501030201;V0501030202;V0501030203;V0501030204;V0501030205;V0501030206 | BE42: V0501030101 | BF42: V0501030102;V0501030103 | BG42: V0501030104 | BH42: V0501030104;V0501030105;V0501030106 | BI42: V0501030101 | BJ42: V0501030102;V0501030103 | BK42: V0501030104 | BL42: V0501030104;V0501030105;V0501030106 | BM42: V0501030101;V0501030201 | BN42: V0501030102;V0501030103;V0501030202;V0501030203 | BO42: V0501030104;V0501030204 | BP42: V0501030104;V0501030105;V0501030106;V0501030204;V0501030205;V0501030206
A43: 2016 | B43: =AVERAGE(F43,H43,J43,L43,N43) -> 1572.9167 | C43: 4 | E43: 1 | F43: =SegmentB!I43 -> 1178 | G43: 2 | H43: ='Segment C'!I44 -> 1370.8333 | I43: 3 | J43: =SegmentD!I45 -> 1577 | K43: 4 | L43: =SegmentE!I89 -> 1733.75 | M43: 4 | N43: =SegmentF!I43 -> 2005 | O43: 4 | P43: V0101010101 | Q43: V0101010101 | R43: V0101010101;V0101010201 | S43: V0101010101;V0101010201 | T43: V0101010102 | U43: V0101010102 | V43: V0101010102;V0101010202 | W43: V0101010102;V0101010202 | X43: V0101010103 | Y43: V0101010103 | Z43: V0101010103 | AA43: V0101010103 | AB43: V0101010106;V0101010105;V0101010104 | AC43: V0101010106;V0101010105;V0101010104 | AD43: V0101010106;V0101010105;V0101010104 | AE43: V0101010106;V0101010105;V0101010104 | AG43: V0301030000;V0301030101;V0301030102;V0301030103;V0301030104;V0301030105;V0301030106;V0301030201;V0301030202;V0301030203;V0301030204;V0301030205;V0301030206 | AH43: V0301030101;V0301030201 | AI43: V0301030101;V0301030201 | AJ43: V0301030102;V0301030202 | AK43: V0301030102;V0301030103;V0301030104;V0301030105;V0301030106;V0301030202;V0301030203;V0301030204;V0301030205;V0301030206 | AL43: V0301030000;V0301030101;V0301030102;V0301030103;V0301030104;V0301030105;V0301030106;V0301030201;V0301030202;V0301030203;V0301030204;V0301030205;V0301030206 | AM43: V0301030101;V0301030201 | AN43: V0301030101;V0301030201 | AO43: V0301030102;V0301030202 | AP43: V0301030102;V0301030103;V0301030104;V0301030105;V0301030106;V0301030202;V0301030203;V0301030204;V0301030205;V0301030206 | AQ43: V0401010000;V0401010101;V04010100102;V0401010103;V0401010104;V0401010105;V0401010106;V0401010201;V0401010202;V0401010203;V0401010204;V0401010205;V0401010206 | AR43: V0401010101 | AS43: V0401010102;V0401010103 | AT43: V0401010104 | AU43: V0401010104;V0401010105;V0401010106 | AV43: V0401010101 | AW43: V0401010102;V0401010103 | AX43: V0401010104 | AY43: V0401010104;V0401010105;V0401010106 | AZ43: V0401010101;V0401010201 | BA43: V0401010102;V0401010103;V0401010202;V0401010203 | BB43: V0401010104;V0401010204 | BC43: V0401010104;V0401010105;V0401010106;V0401010204;V0401010205;V0401010206 | BD43: V0501030000;V0501030101;V05010300102;V0501010303;V0501030104;V0501030105;V0501030106;V0501030201;V0501030202;V0501030203;V0501030204;V0501030205;V0501030206 | BE43: V0501030101 | BF43: V0501030102;V0501030103 | BG43: V0501030104 | BH43: V0501030104;V0501030105;V0501030106 | BI43: V0501030101 | BJ43: V0501030102;V0501030103 | BK43: V0501030104 | BL43: V0501030104;V0501030105;V0501030106 | BM43: V0501030101;V0501030201 | BN43: V0501030102;V0501030103;V0501030202;V0501030203 | BO43: V0501030104;V0501030204 | BP43: V0501030104;V0501030105;V0501030106;V0501030204;V0501030205;V0501030206
A44: 2017 | B44: =AVERAGE(F44,H44,J44,L44,N44) -> 1580.2167 | C44: 4 | E44: 1 | F44: =SegmentB!I44 -> 1213.25 | G44: 2 | H44: ='Segment C'!I45 -> 1370.8333 | I44: 3 | J44: =SegmentD!I46 -> 1577 | K44: 4 | L44: =SegmentE!I90 -> 1735 | M44: 4 | N44: =SegmentF!I44 -> 2005 | O44: 4 | P44: V0101010101 | Q44: V0101010101 | R44: V0101010101;V0101010201 | S44: V0101010101;V0101010201 | T44: V0101010102 | U44: V0101010102 | V44: V0101010102;V0101010202 | W44: V0101010102;V0101010202 | X44: V0101010103 | Y44: V0101010103 | Z44: V0101010103 | AA44: V0101010103;V0101010203 | AB44: V0101010106;V0101010105;V0101010104 | AC44: V0101010106;V0101010105;V0101010104 | AD44: V0101010106;V0101010105;V0101010104 | AE44: V0101010106;V0101010105;V0101010104 | AG44: V0301030000;V0301030101;V0301030102;V0301030103;V0301030104;V0301030105;V0301030106;V0301030201;V0301030202;V0301030203;V0301030204;V0301030205;V0301030206 | AH44: V0301030101;V0301030201 | AI44: V0301030101;V0301030201 | AJ44: V0301030102;V0301030202 | AK44: V0301030102;V0301030103;V0301030104;V0301030105;V0301030106;V0301030202;V0301030203;V0301030204;V0301030205;V0301030206 | AL44: V0301030000;V0301030101;V0301030102;V0301030103;V0301030104;V0301030105;V0301030106;V0301030201;V0301030202;V0301030203;V0301030204;V0301030205;V0301030206 | AM44: V0301030101;V0301030201 | AN44: V0301030101;V0301030201 | AO44: V0301030102;V0301030202 | AP44: V0301030102;V0301030103;V0301030104;V0301030105;V0301030106;V0301030202;V0301030203;V0301030204;V0301030205;V0301030206 | AQ44: V0401010000;V0401010101;V04010100102;V0401010103;V0401010104;V0401010105;V0401010106;V0401010201;V0401010202;V0401010203;V0401010204;V0401010205;V0401010206 | AR44: V0401010101 | AS44: V0401010102;V0401010103 | AT44: V0401010104 | AU44: V0401010104;V0401010105;V0401010106 | AV44: V0401010101 | AW44: V0401010102;V0401010103 | AX44: V0401010104 | AY44: V0401010104;V0401010105;V0401010106 | AZ44: V0401010101;V0401010201 | BA44: V0401010102;V0401010103;V0401010202;V0401010203 | BB44: V0401010104;V0401010204 | BC44: V0401010104;V0401010105;V0401010106;V0401010204;V0401010205;V0401010206 | BD44: V0501030000;V0501030101;V05010300102;V0501010303;V0501030104;V0501030105;V0501030106;V0501030201;V0501030202;V0501030203;V0501030204;V0501030205;V0501030206 | BE44: V0501030101 | BF44: V0501030102;V0501030103 | BG44: V0501030104 | BH44: V0501030104;V0501030105;V0501030106 | BI44: V0501030101 | BJ44: V0501030102;V0501030103 | BK44: V0501030104 | BL44: V0501030104;V0501030105;V0501030106 | BM44: V0501030101;V0501030201 | BN44: V0501030102;V0501030103;V0501030202;V0501030203 | BO44: V0501030104;V0501030204 | BP44: V0501030104;V0501030105;V0501030106;V0501030204;V0501030205;V0501030206
A45: 2018 | B45: =AVERAGE(F45,H45,J45,L45,N45) -> 1592.2833 | C45: 4 | E45: 1 | F45: =SegmentB!I45 -> 1213.25 | G45: 2 | H45: ='Segment C'!I46 -> 1421.6667 | I45: 3 | J45: =SegmentD!I47 -> 1639.5 | K45: 4 | L45: =SegmentE!I91 -> 1682 | M45: 4 | N45: =SegmentF!I45 -> 2005 | O45: 4 | P45: V0101010101 | Q45: V0101010101 | R45: V0101010101;V0101010201 | S45: V0101010101;V0101010201 | T45: V0101010102 | U45: V0101010102 | V45: V0101010102;V0101010202 | W45: V0101010102;V0101010202 | X45: V0101010103 | Y45: V0101010103 | Z45: V0101010103 | AA45: V0101010103;V0101010203 | AB45: V0101010106;V0101010105;V0101010104 | AC45: V0101010106;V0101010105;V0101010104 | AD45: V0101010106;V0101010105;V0101010104 | AE45: V0101010106;V0101010105;V0101010104 | AG45: V0301030000;V0301030101;V0301030102;V0301030103;V0301030104;V0301030105;V0301030106;V0301030201;V0301030202;V0301030203;V0301030204;V0301030205;V0301030206 | AH45: V0301030101;V0301030201 | AI45: V0301030101;V0301030201 | AJ45: V0301030102;V0301030202 | AK45: V0301030102;V0301030103;V0301030104;V0301030105;V0301030106;V0301030202;V0301030203;V0301030204;V0301030205;V0301030206 | AL45: V0301030000;V0301030101;V0301030102;V0301030103;V0301030104;V0301030105;V0301030106;V0301030201;V0301030202;V0301030203;V0301030204;V0301030205;V0301030206 | AM45: V0301030101;V0301030201 | AN45: V0301030101;V0301030201 | AO45: V0301030102;V0301030202 | AP45: V0301030102;V0301030103;V0301030104;V0301030105;V0301030106;V0301030202;V0301030203;V0301030204;V0301030205;V0301030206 | AQ45: V0401010000;V0401010101;V04010100102;V0401010103;V0401010104;V0401010105;V0401010106;V0401010201;V0401010202;V0401010203;V0401010204;V0401010205;V0401010206 | AR45: V0401010101 | AS45: V0401010102;V0401010103 | AT45: V0401010104 | AU45: V0401010104;V0401010105;V0401010106 | AV45: V0401010101 | AW45: V0401010102;V0401010103 | AX45: V0401010104 | AY45: V0401010104;V0401010105;V0401010106 | AZ45: V0401010101;V0401010201 | BA45: V0401010102;V0401010103;V0401010202;V0401010203 | BB45: V0401010104;V0401010204 | BC45: V0401010104;V0401010105;V0401010106;V0401010204;V0401010205;V0401010206 | BD45: V0501030000;V0501030101;V05010300102;V0501010303;V0501030104;V0501030105;V0501030106;V0501030201;V0501030202;V0501030203;V0501030204;V0501030205;V0501030206 | BE45: V0501030101 | BF45: V0501030102;V0501030103 | BG45: V0501030104 | BH45: V0501030104;V0501030105;V0501030106 | BI45: V0501030101 | BJ45: V0501030102;V0501030103 | BK45: V0501030104 | BL45: V0501030104;V0501030105;V0501030106 | BM45: V0501030101;V0501030201 | BN45: V0501030102;V0501030103;V0501030202;V0501030203 | BO45: V0501030104;V0501030204 | BP45: V0501030104;V0501030105;V0501030106;V0501030204;V0501030205;V0501030206
A46: 2019 | B46: =AVERAGE(F46,H46,J46,L46,N46) -> 1606.8 | C46: 4 | E46: 1 | F46: =SegmentB!I46 -> 1275 | G46: 3 | H46: ='Segment C'!I47 -> 1432.5 | I46: 3 | J46: =SegmentD!I48 -> 1639.5 | K46: 4 | L46: =SegmentE!I92 -> 1682 | M46: 4 | N46: =SegmentF!I46 -> 2005 | O46: 4 | P46: V0101010101 | Q46: V0101010101 | R46: V0101010101;V0101010201 | S46: V0101010101;V0101010201 | T46: V0101010101 | U46: V0101010101 | V46: V0101010101;V0101010201 | W46: V0101010101;V0101010201 | X46: V0101010103;V0101010102 | Y46: V0101010103;V0101010102 | Z46: V0101010103;V0101010102 | AA46: V0101010103;V0101010102;V0101010203;V0101010202 | AB46: V0101010106;V0101010105;V0101010104 | AC46: V0101010106;V0101010105;V0101010104 | AD46: V0101010106;V0101010105;V0101010104 | AE46: V0101010106;V0101010105;V0101010104;V0101010206;V0101010205;V0101010204 | AG46: V0301030000;V0301030101;V0301030102;V0301030103;V0301030104;V0301030105;V0301030106;V0301030201;V0301030202;V0301030203;V0301030204;V0301030205;V0301030206 | AH46: V0301030101;V0301030201 | AI46: V0301030101;V0301030201 | AJ46: V0301030102;V0301030202 | AK46: V0301030102;V0301030103;V0301030104;V0301030105;V0301030106;V0301030202;V0301030203;V0301030204;V0301030205;V0301030206 | AL46: V0301030000;V0301030101;V0301030102;V0301030103;V0301030104;V0301030105;V0301030106;V0301030201;V0301030202;V0301030203;V0301030204;V0301030205;V0301030206 | AM46: V0301030101;V0301030201 | AN46: V0301030101;V0301030201 | AO46: V0301030102;V0301030202 | AP46: V0301030102;V0301030103;V0301030104;V0301030105;V0301030106;V0301030202;V0301030203;V0301030204;V0301030205;V0301030206 | AQ46: V0401010000;V0401010101;V04010100102;V0401010103;V0401010104;V0401010105;V0401010106;V0401010201;V0401010202;V0401010203;V0401010204;V0401010205;V0401010206 | AR46: V0401010101 | AS46: V0401010102;V0401010103 | AT46: V0401010104 | AU46: V0401010104;V0401010105;V0401010106 | AV46: V0401010101 | AW46: V0401010102;V0401010103 | AX46: V0401010104 | AY46: V0401010104;V0401010105;V0401010106 | AZ46: V0401010101;V0401010201 | BA46: V0401010102;V0401010103;V0401010202;V0401010203 | BB46: V0401010104;V0401010204 | BC46: V0401010104;V0401010105;V0401010106;V0401010204;V0401010205;V0401010206 | BD46: V0501030000;V0501030101;V05010300102;V0501010303;V0501030104;V0501030105;V0501030106;V0501030201;V0501030202;V0501030203;V0501030204;V0501030205;V0501030206 | BE46: V0501030101 | BF46: V0501030102;V0501030103 | BG46: V0501030104 | BH46: V0501030104;V0501030105;V0501030106 | BI46: V0501030101 | BJ46: V0501030102;V0501030103 | BK46: V0501030104 | BL46: V0501030104;V0501030105;V0501030106 | BM46: V0501030101;V0501030201 | BN46: V0501030102;V0501030103;V0501030202;V0501030203 | BO46: V0501030104;V0501030204 | BP46: V0501030104;V0501030105;V0501030106;V0501030204;V0501030205;V0501030206
A47: 2020 | B47: =AVERAGE(F47,H47,J47,L47,N47) -> 1606.8 | C47: 4 | E47: 1 | F47: =SegmentB!I47 -> 1275 | G47: 3 | H47: ='Segment C'!I48 -> 1432.5 | I47: 3 | J47: =SegmentD!I49 -> 1639.5 | K47: 4 | L47: =SegmentE!I93 -> 1682 | M47: 4 | N47: =SegmentF!I47 -> 2005 | O47: 4 | P47: V0101010101 | Q47: V0101010101 | R47: V0101010101;V0101010201 | S47: V0101010101;V0101010201 | T47: V0101010101 | U47: V0101010101 | V47: V0101010101;V0101010201 | W47: V0101010101;V0101010201 | X47: V0101010103;V0101010102 | Y47: V0101010103;V0101010102 | Z47: V0101010103;V0101010102 | AA47: V0101010103;V0101010102;V0101010203;V0101010202 | AB47: V0101010106;V0101010105;V0101010104 | AC47: V0101010106;V0101010105;V0101010104 | AD47: V0101010106;V0101010105;V0101010104 | AE47: V0101010106;V0101010105;V0101010104;V0101010206;V0101010205;V0101010204 | AG47: V0301030000;V0301030101;V0301030102;V0301030103;V0301030104;V0301030105;V0301030106;V0301030201;V0301030202;V0301030203;V0301030204;V0301030205;V0301030206 | AH47: V0301030101;V0301030201 | AI47: V0301030101;V0301030201 | AJ47: V0301030102;V0301030202 | AK47: V0301030102;V0301030103;V0301030104;V0301030105;V0301030106;V0301030202;V0301030203;V0301030204;V0301030205;V0301030206 | AL47: V0301030000;V0301030101;V0301030102;V0301030103;V0301030104;V0301030105;V0301030106;V0301030201;V0301030202;V0301030203;V0301030204;V0301030205;V0301030206 | AM47: V0301030101;V0301030201 | AN47: V0301030101;V0301030201 | AO47: V0301030102;V0301030202 | AP47: V0301030102;V0301030103;V0301030104;V0301030105;V0301030106;V0301030202;V0301030203;V0301030204;V0301030205;V0301030206 | AQ47: V0401010000;V0401010101;V04010100102;V0401010103;V0401010104;V0401010105;V0401010106;V0401010201;V0401010202;V0401010203;V0401010204;V0401010205;V0401010206 | AR47: V0401010101 | AS47: V0401010102 | AT47: V0401010103;V0401010104 | AU47: V0401010104;V0401010105;V0401010106 | AV47: V0401010101 | AW47: V0401010102 | AX47: V0401010103;V0401010104 | AY47: V0401010104;V0401010105;V0401010106 | AZ47: V0401010101;V0401010201 | BA47: V0401010102;V0401010202 | BB47: V0401010103;V0401010203;V0401010104;V0401010204 | BC47: V0401010104;V0401010105;V0401010106;V0401010204;V0401010205;V0401010206 | BD47: V0501030000;V0501030101;V05010300102;V0501010303;V0501030104;V0501030105;V0501030106;V0501030201;V0501030202;V0501030203;V0501030204;V0501030205;V0501030206 | BE47: V0501030101 | BF47: V0501030102 | BG47: V0501030103;V0501030104 | BH47: V0501030104;V0501030105;V0501030106 | BI47: V0501030101 | BJ47: V0501030102 | BK47: V0501030103;V0501030104 | BL47: V0501030104;V0501030105;V0501030106 | BM47: V0501030101;V0501030201 | BN47: V0501030102;V0501030202 | BO47: V0501030103;V0501030203;V0501030104;V0501030204 | BP47: V0501030104;V0501030105;V0501030106;V0501030204;V0501030205;V0501030206
A48: 2021 | B48: =AVERAGE(F48,H48,J48,L48,N48) -> 1615.4667 | C48: 4 | E48: 1 | F48: =SegmentB!I48 -> 1275 | G48: 3 | H48: ='Segment C'!I49 -> 1475.8333 | I48: 3 | J48: =SegmentD!I50 -> 1639.5 | K48: 4 | L48: =SegmentE!I94 -> 1682 | M48: 4 | N48: =SegmentF!I48 -> 2005 | O48: 4 | P48: V0101010101 | Q48: V0101010101 | R48: V0101010101;V0101010201 | S48: V0101010101;V0101010201 | T48: V0101010101 | U48: V0101010101 | V48: V0101010101;V0101010201 | W48: V0101010101;V0101010201 | X48: V0101010103;V0101010102 | Y48: V0101010103;V0101010102 | Z48: V0101010103;V0101010102 | AA48: V0101010103;V0101010102;V0101010203;V0101010202 | AB48: V0101010106;V0101010105;V0101010104 | AC48: V0101010106;V0101010105;V0101010104 | AD48: V0101010106;V0101010105;V0101010104 | AE48: V0101010106;V0101010105;V0101010104;V0101010206;V0101010205;V0101010204 | AG48: V0301030000;V0301030101;V0301030102;V0301030103;V0301030104;V0301030105;V0301030106;V0301030201;V0301030202;V0301030203;V0301030204;V0301030205;V0301030206 | AH48: V0301030101;V0301030201 | AI48: V0301030101;V0301030201 | AJ48: V0301030102;V0301030202 | AK48: V0301030102;V0301030103;V0301030104;V0301030105;V0301030106;V0301030202;V0301030203;V0301030204;V0301030205;V0301030206 | AL48: V0301030000;V0301030101;V0301030102;V0301030103;V0301030104;V0301030105;V0301030106;V0301030201;V0301030202;V0301030203;V0301030204;V0301030205;V0301030206 | AM48: V0301030101;V0301030201 | AN48: V0301030101;V0301030201 | AO48: V0301030102;V0301030202 | AP48: V0301030102;V0301030103;V0301030104;V0301030105;V0301030106;V0301030202;V0301030203;V0301030204;V0301030205;V0301030206 | AQ48: V0401010000;V0401010101;V04010100102;V0401010103;V0401010104;V0401010105;V0401010106;V0401010201;V0401010202;V0401010203;V0401010204;V0401010205;V0401010206 | AR48: V0401010101 | AS48: V0401010102 | AT48: V0401010103;V0401010104 | AU48: V0401010104;V0401010105;V0401010106 | AV48: V0401010101 | AW48: V0401010102 | AX48: V0401010103;V0401010104 | AY48: V0401010104;V0401010105;V0401010106 | AZ48: V0401010101;V0401010201 | BA48: V0401010102;V0401010202 | BB48: V0401010103;V0401010203;V0401010104;V0401010204 | BC48: V0401010104;V0401010105;V0401010106;V0401010204;V0401010205;V0401010206 | BD48: V0501030000;V0501030101;V05010300102;V0501010303;V0501030104;V0501030105;V0501030106;V0501030201;V0501030202;V0501030203;V0501030204;V0501030205;V0501030206 | BE48: V0501030101 | BF48: V0501030102 | BG48: V0501030103;V0501030104 | BH48: V0501030104;V0501030105;V0501030106 | BI48: V0501030101 | BJ48: V0501030102 | BK48: V0501030103;V0501030104 | BL48: V0501030104;V0501030105;V0501030106 | BM48: V0501030101;V0501030201 | BN48: V0501030102;V0501030202 | BO48: V0501030103;V0501030203;V0501030104;V0501030204 | BP48: V0501030104;V0501030105;V0501030106;V0501030204;V0501030205;V0501030206
... A51: 2024 | B51: =AVERAGE(F51,H51,J51,L51,N51) -> 1713.7667 | C51: 4 | E51: 1 | F51: =SegmentB!I51 -> 1275 | G51: 3 | H51: ='Segment C'!I52 -> 1475.8333 | I51: 3 | J51: =SegmentD!I53 -> 1713.5 | K51: 4 | L51: =SegmentE!I97 -> 1682 | M51: 4 | N51: =SegmentF!I51 -> 2422.5 | O51: 4 | P51: V0101010101 | Q51: V0101010101 | R51: V0101010101;V0101010201 | S51: V0101010101;V0101010201 | T51: V0101010101 | U51: V0101010101 | V51: V0101010101;V0101010201 | W51: V0101010101;V0101010201 | X51: V0101010103;V0101010102 | Y51: V0101010103;V0101010102 | Z51: V0101010103;V0101010102 | AA51: V0101010103;V0101010102;V0101010203;V0101010202 | AB51: V0101010106;V0101010105;V0101010104 | AC51: V0101010106;V0101010105;V0101010104 | AD51: V0101010106;V0101010105;V0101010104 | AE51: V0101010106;V0101010105;V0101010104;V0101010206;V0101010205;V0101010204 | AG51: V0301030000;V0301030101;V0301030102;V0301030103;V0301030104;V0301030105;V0301030106;V0301030201;V0301030202;V0301030203;V0301030204;V0301030205;V0301030206 | AH51: V0301030101;V0301030201 | AI51: V0301030101;V0301030201 | AJ51: V0301030102;V0301030202 | AK51: V0301030102;V0301030103;V0301030104;V0301030105;V0301030106;V0301030202;V0301030203;V0301030204;V0301030205;V0301030206 | AL51: V0301030000;V0301030101;V0301030102;V0301030103;V0301030104;V0301030105;V0301030106;V0301030201;V0301030202;V0301030203;V0301030204;V0301030205;V0301030206 | AM51: V0301030101;V0301030201 | AN51: V0301030101;V0301030201 | AO51: V0301030102;V0301030202 | AP51: V0301030102;V0301030103;V0301030104;V0301030105;V0301030106;V0301030202;V0301030203;V0301030204;V0301030205;V0301030206 | AQ51: V0401010000;V0401010101;V04010100102;V0401010103;V0401010104;V0401010105;V0401010106;V0401010201;V0401010202;V0401010203;V0401010204;V0401010205;V0401010206 | AR51: V0401010101 | AS51: V0401010102 | AT51: V0401010103;V0401010104 | AU51: V0401010104;V0401010105;V0401010106 | AV51: V0401010101 | AW51: V0401010102 | AX51: V0401010103;V0401010104 | AY51: V0401010104;V0401010105;V0401010106 | AZ51: V0401010101;V0401010201 | BA51: V0401010102;V0401010202 | BB51: V0401010103;V0401010203;V0401010104;V0401010204 | BC51: V0401010104;V0401010105;V0401010106;V0401010204;V0401010205;V0401010206 | BD51: V0501030000;V0501030101;V05010300102;V0501010303;V0501030104;V0501030105;V0501030106;V0501030201;V0501030202;V0501030203;V0501030204;V0501030205;V0501030206 | BE51: V0501030101 | BF51: V0501030102 | BG51: V0501030103;V0501030104 | BH51: V0501030104;V0501030105;V0501030106 | BI51: V0501030101 | BJ51: V0501030102 | BK51: V0501030103;V0501030104 | BL51: V0501030104;V0501030105;V0501030106 | BM51: V0501030101;V0501030201 | BN51: V0501030102;V0501030202 | BO51: V0501030103;V0501030203;V0501030104;V0501030204 | BP51: V0501030104;V0501030105;V0501030106;V0501030204;V0501030205;V0501030206

Sheet CarWeight
A1: Year | B1: StandardMass | C1: SegmentAMass | D1: SegmentBMass | E1: SegmentCMass | F1: SegmentDMass | G1: SegmentEMass | H1: SegmentFMass
A2: 1975 | B2: 1108.3667 | D2: 741.25 | E2: 868.33333 | F2: 1018.75 | G2: 1364 | H2: 1549.5
A3: 1976 | B3: 1108.3667 | D3: 741.25 | E3: 868.33333 | F3: 1018.75 | G3: 1364 | H3: 1549.5
A4: 1977 | B4: 1108.3667 | D4: 741.25 | E4: 868.33333 | F4: 1018.75 | G4: 1364 | H4: 1549.5
A5: 1978 | B5: 1108.3667 | D5: 741.25 | E5: 868.33333 | F5: 1018.75 | G5: 1364 | H5: 1549.5
A6: 1979 | B6: 1108.3667 | D6: 741.25 | E6: 868.33333 | F6: 1018.75 | G6: 1364 | H6: 1549.5
A7: 1980 | B7: 1113.8 | D7: 741.25 | E7: 872.5 | F7: 1073.75 | G7: 1332 | H7: 1549.5
A8: 1981 | B8: 1122.3 | D8: 783.75 | E8: 872.5 | F8: 1073.75 | G8: 1332 | H8: 1549.5
A9: 1982 | B9: 1144.6 | D9: 783.75 | E9: 872.5 | F9: 1093.75 | G9: 1423.5 | H9: 1549.5
A10: 1983 | B10: 1161.2667 | D10: 788.75 | E10: 950.83333 | F10: 1093.75 | G10: 1423.5 | H10: 1549.5
A11: 1984 | B11: 1161.2667 | D11: 788.75 | E11: 950.83333 | F11: 1093.75 | G11: 1423.5 | H11: 1549.5
A12: 1985 | B12: 1158.2667 | D12: 788.75 | E12: 935.83333 | F12: 1093.75 | G12: 1423.5 | H12: 1549.5
A13: 1986 | B13: 1182.9667 | D13: 788.75 | E13: 935.83333 | F13: 1093.75 | G13: 1547 | H13: 1549.5
... A51: 2024 | B51: 1713.7667 | D51: 1275 | E51: 1475.8333 | F51: 1713.5 | G51: 1682 | H51: 2422.5
